CodigoEstacion;NombreEstacion;Latitud;Longitud;Altitud;Categoria;Entidad;AreaOperativa;Departamento;Municipio;FechaInstalacion;FechaSuspension;IdParametro;Etiqueta;DescripcionSerie;Frecuencia;Fecha;Valor;Grado;Calificador;NivelAprobacion
21201300;AUSTRALIA [21201300];4.394.250;-741.320;3050;Pluviométrica;INSTITUTO DE HIDROLOGIA METEOROLOGIA Y ESTUDIOS AMBIENTALES;Area Operativa 11 - Cundinamarca-Amazonas-San Andrés;Bogota;Bogota, D.C;15/03/1985 0:00;;PRECIPITACION;PTPM_TT_M;Precipitación total mensual;Mensual;1/01/2000;32.8;50;;900
21201300;AUSTRALIA [21201300];4.394.250;-741.320;3050;Pluviométrica;INSTITUTO DE HIDROLOGIA METEOROLOGIA Y ESTUDIOS AMBIENTALES;Area Operativa 11 - Cundinamarca-Amazonas-San Andrés;Bogota;Bogota, D.C;15/03/1985 0:00;;PRECIPITACION;PTPM_TT_M;Precipitación total mensual;Mensual;1/02/2000;71.7;50;;900
21201300;AUSTRALIA [21201300];4.394.250;-741.320;3050;Pluviométrica;INSTITUTO DE HIDROLOGIA METEOROLOGIA Y ESTUDIOS AMBIENTALES;Area Operativa 11 - Cundinamarca-Amazonas-San Andrés;Bogota;Bogota, D.C;15/03/1985 0:00;;PRECIPITACION;PTPM_TT_M;Precipitación total mensual;Mensual;1/03/2000;74.6;50;;900
21201300;AUSTRALIA [21201300];4.394.250;-741.320;3050;Pluviométrica;INSTITUTO DE HIDROLOGIA METEOROLOGIA Y ESTUDIOS AMBIENTALES;Area Operativa 11 - Cundinamarca-Amazonas-San Andrés;Bogota;Bogota, D.C;15/03/1985 0:00;;PRECIPITACION;PTPM_TT_M;Precipitación total mensual;Mensual;1/04/2000;99.8;50;;900
21201300;AUSTRALIA [21201300];4.394.250;-741.320;3050;Pluviométrica;INSTITUTO DE HIDROLOGIA METEOROLOGIA Y ESTUDIOS AMBIENTALES;Area Operativa 11 - Cundinamarca-Amazonas-San Andrés;Bogota;Bogota, D.C;15/03/1985 0:00;;PRECIPITACION;PTPM_TT_M;Precipitación total mensual;Mensual;1/05/2000;277.1;50;;900
21201300;AUSTRALIA [21201300];4.394.250;-741.320;3050;Pluviométrica;INSTITUTO DE HIDROLOGIA METEOROLOGIA Y ESTUDIOS AMBIENTALES;Area Operativa 11 - Cundinamarca-Amazonas-San Andrés;Bogota;Bogota, D.C;15/03/1985 0:00;;PRECIPITACION;PTPM_TT_M;Precipitación total mensual;Mensual;1/06/2000;125.2;50;;900
21201300;AUSTRALIA [21201300];4.394.250;-741.320;3050;Pluviométrica;INSTITUTO DE HIDROLOGIA METEOROLOGIA Y ESTUDIOS AMBIENTALES;Area Operativa 11 - Cundinamarca-Amazonas-San Andrés;Bogota;Bogota, D.C;15/03/1985 0:00;;PRECIPITACION;PTPM_TT_M;Precipitación total mensual;Mensual;1/07/2000;124.9;50;;900
21201300;AUSTRALIA [21201300];4.394.250;-741.320;3050;Pluviométrica;INSTITUTO DE HIDROLOGIA METEOROLOGIA Y ESTUDIOS AMBIENTALES;Area Operativa 11 - Cundinamarca-Amazonas-San Andrés;Bogota;Bogota, D.C;15/03/1985 0:00;;PRECIPITACION;PTPM_TT_M;Precipitación total mensual;Mensual;1/08/2000;144.3;50;;900
21201300;AUSTRALIA [21201300];4.394.250;-741.320;3050;Pluviométrica;INSTITUTO DE HIDROLOGIA METEOROLOGIA Y ESTUDIOS AMBIENTALES;Area Operativa 11 - Cundinamarca-Amazonas-San Andrés;Bogota;Bogota, D.C;15/03/1985 0:00;;PRECIPITACION;PTPM_TT_M;Precipitación total mensual;Mensual;1/09/2000;133.6;50;;900
21201300;AUSTRALIA [21201300];4.394.250;-741.320;3050;Pluviométrica;INSTITUTO DE HIDROLOGIA METEOROLOGIA Y ESTUDIOS AMBIENTALES;Area Operativa 11 - Cundinamarca-Amazonas-San Andrés;Bogota;Bogota, D.C;15/03/1985 0:00;;PRECIPITACION;PTPM_TT_M;Precipitación total mensual;Mensual;1/10/2000;136.4;50;;900
21201300;AUSTRALIA [21201300];4.394.250;-741.320;3050;Pluviométrica;INSTITUTO DE HIDROLOGIA METEOROLOGIA Y ESTUDIOS AMBIENTALES;Area Operativa 11 - Cundinamarca-Amazonas-San Andrés;Bogota;Bogota, D.C;15/03/1985 0:00;;PRECIPITACION;PTPM_TT_M;Precipitación total mensual;Mensual;1/11/2000;64.5;50;;900
21201300;AUSTRALIA [21201300];4.394.250;-741.320;3050;Pluviométrica;INSTITUTO DE HIDROLOGIA METEOROLOGIA Y ESTUDIOS AMBIENTALES;Area Operativa 11 - Cundinamarca-Amazonas-San Andrés;Bogota;Bogota, D.C;15/03/1985 0:00;;PRECIPITACION;PTPM_TT_M;Precipitación total mensual;Mensual;1/12/2000;59.5;50;;900
21201300;AUSTRALIA [21201300];4.394.250;-741.320;3050;Pluviométrica;INSTITUTO DE HIDROLOGIA METEOROLOGIA Y ESTUDIOS AMBIENTALES;Area Operativa 11 - Cundinamarca-Amazonas-San Andrés;Bogota;Bogota, D.C;15/03/1985 0:00;;PRECIPITACION;PTPM_TT_M;Precipitación total mensual;Mensual;1/01/2001;1.1;50;;900
21201300;AUSTRALIA [21201300];4.394.250;-741.320;3050;Pluviométrica;INSTITUTO DE HIDROLOGIA METEOROLOGIA Y ESTUDIOS AMBIENTALES;Area Operativa 11 - Cundinamarca-Amazonas-San Andrés;Bogota;Bogota, D.C;15/03/1985 0:00;;PRECIPITACION;PTPM_TT_M;Precipitación total mensual;Mensual;1/02/2001;57.8;50;;900
21201300;AUSTRALIA [21201300];4.394.250;-741.320;3050;Pluviométrica;INSTITUTO DE HIDROLOGIA METEOROLOGIA Y ESTUDIOS AMBIENTALES;Area Operativa 11 - Cundinamarca-Amazonas-San Andrés;Bogota;Bogota, D.C;15/03/1985 0:00;;PRECIPITACION;PTPM_TT_M;Precipitación total mensual;Mensual;1/03/2001;68.6;50;;900
21201300;AUSTRALIA [21201300];4.394.250;-741.320;3050;Pluviométrica;INSTITUTO DE HIDROLOGIA METEOROLOGIA Y ESTUDIOS AMBIENTALES;Area Operativa 11 - Cundinamarca-Amazonas-San Andrés;Bogota;Bogota, D.C;15/03/1985 0:00;;PRECIPITACION;PTPM_TT_M;Precipitación total mensual;Mensual;1/04/2001;40.6;50;;900
21201300;AUSTRALIA [21201300];4.394.250;-741.320;3050;Pluviométrica;INSTITUTO DE HIDROLOGIA METEOROLOGIA Y ESTUDIOS AMBIENTALES;Area Operativa 11 - Cundinamarca-Amazonas-San Andrés;Bogota;Bogota, D.C;15/03/1985 0:00;;PRECIPITACION;PTPM_TT_M;Precipitación total mensual;Mensual;1/05/2001;159.8;50;;900
21201300;AUSTRALIA [21201300];4.394.250;-741.320;3050;Pluviométrica;INSTITUTO DE HIDROLOGIA METEOROLOGIA Y ESTUDIOS AMBIENTALES;Area Operativa 11 - Cundinamarca-Amazonas-San Andrés;Bogota;Bogota, D.C;15/03/1985 0:00;;PRECIPITACION;PTPM_TT_M;Precipitación total mensual;Mensual;1/06/2001;156.1;50;;900
21201300;AUSTRALIA [21201300];4.394.250;-741.320;3050;Pluviométrica;INSTITUTO DE HIDROLOGIA METEOROLOGIA Y ESTUDIOS AMBIENTALES;Area Operativa 11 - Cundinamarca-Amazonas-San Andrés;Bogota;Bogota, D.C;15/03/1985 0:00;;PRECIPITACION;PTPM_TT_M;Precipitación total mensual;Mensual;1/07/2001;126.7;50;;900
21201300;AUSTRALIA [21201300];4.394.250;-741.320;3050;Pluviométrica;INSTITUTO DE HIDROLOGIA METEOROLOGIA Y ESTUDIOS AMBIENTALES;Area Operativa 11 - Cundinamarca-Amazonas-San Andrés;Bogota;Bogota, D.C;15/03/1985 0:00;;PRECIPITACION;PTPM_TT_M;Precipitación total mensual;Mensual;1/08/2001;77;50;;900
21201300;AUSTRALIA [21201300];4.394.250;-741.320;3050;Pluviométrica;INSTITUTO DE HIDROLOGIA METEOROLOGIA Y ESTUDIOS AMBIENTALES;Area Operativa 11 - Cundinamarca-Amazonas-San Andrés;Bogota;Bogota, D.C;15/03/1985 0:00;;PRECIPITACION;PTPM_TT_M;Precipitación total mensual;Mensual;1/09/2001;130.2;50;;900
21201300;AUSTRALIA [21201300];4.394.250;-741.320;3050;Pluviométrica;INSTITUTO DE HIDROLOGIA METEOROLOGIA Y ESTUDIOS AMBIENTALES;Area Operativa 11 - Cundinamarca-Amazonas-San Andrés;Bogota;Bogota, D.C;15/03/1985 0:00;;PRECIPITACION;PTPM_TT_M;Precipitación total mensual;Mensual;1/10/2001;47;50;;900
21201300;AUSTRALIA [21201300];4.394.250;-741.320;3050;Pluviométrica;INSTITUTO DE HIDROLOGIA METEOROLOGIA Y ESTUDIOS AMBIENTALES;Area Operativa 11 - Cundinamarca-Amazonas-San Andrés;Bogota;Bogota, D.C;15/03/1985 0:00;;PRECIPITACION;PTPM_TT_M;Precipitación total mensual;Mensual;1/11/2001;104.4;50;;900
21201300;AUSTRALIA [21201300];4.394.250;-741.320;3050;Pluviométrica;INSTITUTO DE HIDROLOGIA METEOROLOGIA Y ESTUDIOS AMBIENTALES;Area Operativa 11 - Cundinamarca-Amazonas-San Andrés;Bogota;Bogota, D.C;15/03/1985 0:00;;PRECIPITACION;PTPM_TT_M;Precipitación total mensual;Mensual;1/12/2001;39.1;50;;900
21201300;AUSTRALIA [21201300];4.394.250;-741.320;3050;Pluviométrica;INSTITUTO DE HIDROLOGIA METEOROLOGIA Y ESTUDIOS AMBIENTALES;Area Operativa 11 - Cundinamarca-Amazonas-San Andrés;Bogota;Bogota, D.C;15/03/1985 0:00;;PRECIPITACION;PTPM_TT_M;Precipitación total mensual;Mensual;1/01/2002;23.5;50;;900
21201300;AUSTRALIA [21201300];4.394.250;-741.320;3050;Pluviométrica;INSTITUTO DE HIDROLOGIA METEOROLOGIA Y ESTUDIOS AMBIENTALES;Area Operativa 11 - Cundinamarca-Amazonas-San Andrés;Bogota;Bogota, D.C;15/03/1985 0:00;;PRECIPITACION;PTPM_TT_M;Precipitación total mensual;Mensual;1/02/2002;6.1;50;;900
21201300;AUSTRALIA [21201300];4.394.250;-741.320;3050;Pluviométrica;INSTITUTO DE HIDROLOGIA METEOROLOGIA Y ESTUDIOS AMBIENTALES;Area Operativa 11 - Cundinamarca-Amazonas-San Andrés;Bogota;Bogota, D.C;15/03/1985 0:00;;PRECIPITACION;PTPM_TT_M;Precipitación total mensual;Mensual;1/03/2002;47.1;50;;900
21201300;AUSTRALIA [21201300];4.394.250;-741.320;3050;Pluviométrica;INSTITUTO DE HIDROLOGIA METEOROLOGIA Y ESTUDIOS AMBIENTALES;Area Operativa 11 - Cundinamarca-Amazonas-San Andrés;Bogota;Bogota, D.C;15/03/1985 0:00;;PRECIPITACION;PTPM_TT_M;Precipitación total mensual;Mensual;1/04/2002;98.6;50;;900
21201300;AUSTRALIA [21201300];4.394.250;-741.320;3050;Pluviométrica;INSTITUTO DE HIDROLOGIA METEOROLOGIA Y ESTUDIOS AMBIENTALES;Area Operativa 11 - Cundinamarca-Amazonas-San Andrés;Bogota;Bogota, D.C;15/03/1985 0:00;;PRECIPITACION;PTPM_TT_M;Precipitación total mensual;Mensual;1/05/2002;189.3;50;;900
21201300;AUSTRALIA [21201300];4.394.250;-741.320;3050;Pluviométrica;INSTITUTO DE HIDROLOGIA METEOROLOGIA Y ESTUDIOS AMBIENTALES;Area Operativa 11 - Cundinamarca-Amazonas-San Andrés;Bogota;Bogota, D.C;15/03/1985 0:00;;PRECIPITACION;PTPM_TT_M;Precipitación total mensual;Mensual;1/06/2002;235.4;50;;900
21201300;AUSTRALIA [21201300];4.394.250;-741.320;3050;Pluviométrica;INSTITUTO DE HIDROLOGIA METEOROLOGIA Y ESTUDIOS AMBIENTALES;Area Operativa 11 - Cundinamarca-Amazonas-San Andrés;Bogota;Bogota, D.C;15/03/1985 0:00;;PRECIPITACION;PTPM_TT_M;Precipitación total mensual;Mensual;1/07/2002;133.9;50;;900
21201300;AUSTRALIA [21201300];4.394.250;-741.320;3050;Pluviométrica;INSTITUTO DE HIDROLOGIA METEOROLOGIA Y ESTUDIOS AMBIENTALES;Area Operativa 11 - Cundinamarca-Amazonas-San Andrés;Bogota;Bogota, D.C;15/03/1985 0:00;;PRECIPITACION;PTPM_TT_M;Precipitación total mensual;Mensual;1/08/2002;137.2;50;;900
21201300;AUSTRALIA [21201300];4.394.250;-741.320;3050;Pluviométrica;INSTITUTO DE HIDROLOGIA METEOROLOGIA Y ESTUDIOS AMBIENTALES;Area Operativa 11 - Cundinamarca-Amazonas-San Andrés;Bogota;Bogota, D.C;15/03/1985 0:00;;PRECIPITACION;PTPM_TT_M;Precipitación total mensual;Mensual;1/09/2002;81.3;50;;900
21201300;AUSTRALIA [21201300];4.394.250;-741.320;3050;Pluviométrica;INSTITUTO DE HIDROLOGIA METEOROLOGIA Y ESTUDIOS AMBIENTALES;Area Operativa 11 - Cundinamarca-Amazonas-San Andrés;Bogota;Bogota, D.C;15/03/1985 0:00;;PRECIPITACION;PTPM_TT_M;Precipitación total mensual;Mensual;1/10/2002;143.6;50;;900
21201300;AUSTRALIA [21201300];4.394.250;-741.320;3050;Pluviométrica;INSTITUTO DE HIDROLOGIA METEOROLOGIA Y ESTUDIOS AMBIENTALES;Area Operativa 11 - Cundinamarca-Amazonas-San Andrés;Bogota;Bogota, D.C;15/03/1985 0:00;;PRECIPITACION;PTPM_TT_M;Precipitación total mensual;Mensual;1/11/2002;66;50;;900
21201300;AUSTRALIA [21201300];4.394.250;-741.320;3050;Pluviométrica;INSTITUTO DE HIDROLOGIA METEOROLOGIA Y ESTUDIOS AMBIENTALES;Area Operativa 11 - Cundinamarca-Amazonas-San Andrés;Bogota;Bogota, D.C;15/03/1985 0:00;;PRECIPITACION;PTPM_TT_M;Precipitación total mensual;Mensual;1/12/2002;33.7;50;;900
21201300;AUSTRALIA [21201300];4.394.250;-741.320;3050;Pluviométrica;INSTITUTO DE HIDROLOGIA METEOROLOGIA Y ESTUDIOS AMBIENTALES;Area Operativa 11 - Cundinamarca-Amazonas-San Andrés;Bogota;Bogota, D.C;15/03/1985 0:00;;PRECIPITACION;PTPM_TT_M;Precipitación total mensual;Mensual;1/01/2003;0.9;50;;900
21201300;AUSTRALIA [21201300];4.394.250;-741.320;3050;Pluviométrica;INSTITUTO DE HIDROLOGIA METEOROLOGIA Y ESTUDIOS AMBIENTALES;Area Operativa 11 - Cundinamarca-Amazonas-San Andrés;Bogota;Bogota, D.C;15/03/1985 0:00;;PRECIPITACION;PTPM_TT_M;Precipitación total mensual;Mensual;1/02/2003;8.2;50;;900
21201300;AUSTRALIA [21201300];4.394.250;-741.320;3050;Pluviométrica;INSTITUTO DE HIDROLOGIA METEOROLOGIA Y ESTUDIOS AMBIENTALES;Area Operativa 11 - Cundinamarca-Amazonas-San Andrés;Bogota;Bogota, D.C;15/03/1985 0:00;;PRECIPITACION;PTPM_TT_M;Precipitación total mensual;Mensual;1/03/2003;66.4;50;;900
21201300;AUSTRALIA [21201300];4.394.250;-741.320;3050;Pluviométrica;INSTITUTO DE HIDROLOGIA METEOROLOGIA Y ESTUDIOS AMBIENTALES;Area Operativa 11 - Cundinamarca-Amazonas-San Andrés;Bogota;Bogota, D.C;15/03/1985 0:00;;PRECIPITACION;PTPM_TT_M;Precipitación total mensual;Mensual;1/04/2003;150.5;50;;900
21201300;AUSTRALIA [21201300];4.394.250;-741.320;3050;Pluviométrica;INSTITUTO DE HIDROLOGIA METEOROLOGIA Y ESTUDIOS AMBIENTALES;Area Operativa 11 - Cundinamarca-Amazonas-San Andrés;Bogota;Bogota, D.C;15/03/1985 0:00;;PRECIPITACION;PTPM_TT_M;Precipitación total mensual;Mensual;1/05/2003;117;50;;900
21201300;AUSTRALIA [21201300];4.394.250;-741.320;3050;Pluviométrica;INSTITUTO DE HIDROLOGIA METEOROLOGIA Y ESTUDIOS AMBIENTALES;Area Operativa 11 - Cundinamarca-Amazonas-San Andrés;Bogota;Bogota, D.C;15/03/1985 0:00;;PRECIPITACION;PTPM_TT_M;Precipitación total mensual;Mensual;1/06/2003;135.1;50;;900
21201300;AUSTRALIA [21201300];4.394.250;-741.320;3050;Pluviométrica;INSTITUTO DE HIDROLOGIA METEOROLOGIA Y ESTUDIOS AMBIENTALES;Area Operativa 11 - Cundinamarca-Amazonas-San Andrés;Bogota;Bogota, D.C;15/03/1985 0:00;;PRECIPITACION;PTPM_TT_M;Precipitación total mensual;Mensual;1/07/2003;128.9;50;;900
21201300;AUSTRALIA [21201300];4.394.250;-741.320;3050;Pluviométrica;INSTITUTO DE HIDROLOGIA METEOROLOGIA Y ESTUDIOS AMBIENTALES;Area Operativa 11 - Cundinamarca-Amazonas-San Andrés;Bogota;Bogota, D.C;15/03/1985 0:00;;PRECIPITACION;PTPM_TT_M;Precipitación total mensual;Mensual;1/08/2003;83;50;;900
21201300;AUSTRALIA [21201300];4.394.250;-741.320;3050;Pluviométrica;INSTITUTO DE HIDROLOGIA METEOROLOGIA Y ESTUDIOS AMBIENTALES;Area Operativa 11 - Cundinamarca-Amazonas-San Andrés;Bogota;Bogota, D.C;15/03/1985 0:00;;PRECIPITACION;PTPM_TT_M;Precipitación total mensual;Mensual;1/09/2003;90.5;50;;900
21201300;AUSTRALIA [21201300];4.394.250;-741.320;3050;Pluviométrica;INSTITUTO DE HIDROLOGIA METEOROLOGIA Y ESTUDIOS AMBIENTALES;Area Operativa 11 - Cundinamarca-Amazonas-San Andrés;Bogota;Bogota, D.C;15/03/1985 0:00;;PRECIPITACION;PTPM_TT_M;Precipitación total mensual;Mensual;1/10/2003;98.4;50;;900
21201300;AUSTRALIA [21201300];4.394.250;-741.320;3050;Pluviométrica;INSTITUTO DE HIDROLOGIA METEOROLOGIA Y ESTUDIOS AMBIENTALES;Area Operativa 11 - Cundinamarca-Amazonas-San Andrés;Bogota;Bogota, D.C;15/03/1985 0:00;;PRECIPITACION;PTPM_TT_M;Precipitación total mensual;Mensual;1/11/2003;111.8;50;;900
21201300;AUSTRALIA [21201300];4.394.250;-741.320;3050;Pluviométrica;INSTITUTO DE HIDROLOGIA METEOROLOGIA Y ESTUDIOS AMBIENTALES;Area Operativa 11 - Cundinamarca-Amazonas-San Andrés;Bogota;Bogota, D.C;15/03/1985 0:00;;PRECIPITACION;PTPM_TT_M;Precipitación total mensual;Mensual;1/12/2003;40.9;50;;900
21201300;AUSTRALIA [21201300];4.394.250;-741.320;3050;Pluviométrica;INSTITUTO DE HIDROLOGIA METEOROLOGIA Y ESTUDIOS AMBIENTALES;Area Operativa 11 - Cundinamarca-Amazonas-San Andrés;Bogota;Bogota, D.C;15/03/1985 0:00;;PRECIPITACION;PTPM_TT_M;Precipitación total mensual;Mensual;1/01/2004;7.8;50;;900
21201300;AUSTRALIA [21201300];4.394.250;-741.320;3050;Pluviométrica;INSTITUTO DE HIDROLOGIA METEOROLOGIA Y ESTUDIOS AMBIENTALES;Area Operativa 11 - Cundinamarca-Amazonas-San Andrés;Bogota;Bogota, D.C;15/03/1985 0:00;;PRECIPITACION;PTPM_TT_M;Precipitación total mensual;Mensual;1/02/2004;51.8;50;;900
21201300;AUSTRALIA [21201300];4.394.250;-741.320;3050;Pluviométrica;INSTITUTO DE HIDROLOGIA METEOROLOGIA Y ESTUDIOS AMBIENTALES;Area Operativa 11 - Cundinamarca-Amazonas-San Andrés;Bogota;Bogota, D.C;15/03/1985 0:00;;PRECIPITACION;PTPM_TT_M;Precipitación total mensual;Mensual;1/03/2004;58.3;50;;900
21201300;AUSTRALIA [21201300];4.394.250;-741.320;3050;Pluviométrica;INSTITUTO DE HIDROLOGIA METEOROLOGIA Y ESTUDIOS AMBIENTALES;Area Operativa 11 - Cundinamarca-Amazonas-San Andrés;Bogota;Bogota, D.C;15/03/1985 0:00;;PRECIPITACION;PTPM_TT_M;Precipitación total mensual;Mensual;1/04/2004;97.9;50;;900
21201300;AUSTRALIA [21201300];4.394.250;-741.320;3050;Pluviométrica;INSTITUTO DE HIDROLOGIA METEOROLOGIA Y ESTUDIOS AMBIENTALES;Area Operativa 11 - Cundinamarca-Amazonas-San Andrés;Bogota;Bogota, D.C;15/03/1985 0:00;;PRECIPITACION;PTPM_TT_M;Precipitación total mensual;Mensual;1/05/2004;180.1;50;;900
21201300;AUSTRALIA [21201300];4.394.250;-741.320;3050;Pluviométrica;INSTITUTO DE HIDROLOGIA METEOROLOGIA Y ESTUDIOS AMBIENTALES;Area Operativa 11 - Cundinamarca-Amazonas-San Andrés;Bogota;Bogota, D.C;15/03/1985 0:00;;PRECIPITACION;PTPM_TT_M;Precipitación total mensual;Mensual;1/06/2004;214.6;50;;900
21201300;AUSTRALIA [21201300];4.394.250;-741.320;3050;Pluviométrica;INSTITUTO DE HIDROLOGIA METEOROLOGIA Y ESTUDIOS AMBIENTALES;Area Operativa 11 - Cundinamarca-Amazonas-San Andrés;Bogota;Bogota, D.C;15/03/1985 0:00;;PRECIPITACION;PTPM_TT_M;Precipitación total mensual;Mensual;1/07/2004;206.1;50;;900
21201300;AUSTRALIA [21201300];4.394.250;-741.320;3050;Pluviométrica;INSTITUTO DE HIDROLOGIA METEOROLOGIA Y ESTUDIOS AMBIENTALES;Area Operativa 11 - Cundinamarca-Amazonas-San Andrés;Bogota;Bogota, D.C;15/03/1985 0:00;;PRECIPITACION;PTPM_TT_M;Precipitación total mensual;Mensual;1/08/2004;99.6;50;;900
21201300;AUSTRALIA [21201300];4.394.250;-741.320;3050;Pluviométrica;INSTITUTO DE HIDROLOGIA METEOROLOGIA Y ESTUDIOS AMBIENTALES;Area Operativa 11 - Cundinamarca-Amazonas-San Andrés;Bogota;Bogota, D.C;15/03/1985 0:00;;PRECIPITACION;PTPM_TT_M;Precipitación total mensual;Mensual;1/09/2004;108.5;50;;900
21201300;AUSTRALIA [21201300];4.394.250;-741.320;3050;Pluviométrica;INSTITUTO DE HIDROLOGIA METEOROLOGIA Y ESTUDIOS AMBIENTALES;Area Operativa 11 - Cundinamarca-Amazonas-San Andrés;Bogota;Bogota, D.C;15/03/1985 0:00;;PRECIPITACION;PTPM_TT_M;Precipitación total mensual;Mensual;1/10/2004;173.2;50;;900
21201300;AUSTRALIA [21201300];4.394.250;-741.320;3050;Pluviométrica;INSTITUTO DE HIDROLOGIA METEOROLOGIA Y ESTUDIOS AMBIENTALES;Area Operativa 11 - Cundinamarca-Amazonas-San Andrés;Bogota;Bogota, D.C;15/03/1985 0:00;;PRECIPITACION;PTPM_TT_M;Precipitación total mensual;Mensual;1/11/2004;89.9;50;;900
21201300;AUSTRALIA [21201300];4.394.250;-741.320;3050;Pluviométrica;INSTITUTO DE HIDROLOGIA METEOROLOGIA Y ESTUDIOS AMBIENTALES;Area Operativa 11 - Cundinamarca-Amazonas-San Andrés;Bogota;Bogota, D.C;15/03/1985 0:00;;PRECIPITACION;PTPM_TT_M;Precipitación total mensual;Mensual;1/12/2004;24.5;50;;900
21201300;AUSTRALIA [21201300];4.394.250;-741.320;3050;Pluviométrica;INSTITUTO DE HIDROLOGIA METEOROLOGIA Y ESTUDIOS AMBIENTALES;Area Operativa 11 - Cundinamarca-Amazonas-San Andrés;Bogota;Bogota, D.C;15/03/1985 0:00;;PRECIPITACION;PTPM_TT_M;Precipitación total mensual;Mensual;1/01/2005;18.3;50;;900
21201300;AUSTRALIA [21201300];4.394.250;-741.320;3050;Pluviométrica;INSTITUTO DE HIDROLOGIA METEOROLOGIA Y ESTUDIOS AMBIENTALES;Area Operativa 11 - Cundinamarca-Amazonas-San Andrés;Bogota;Bogota, D.C;15/03/1985 0:00;;PRECIPITACION;PTPM_TT_M;Precipitación total mensual;Mensual;1/02/2005;40.1;50;;900
21201300;AUSTRALIA [21201300];4.394.250;-741.320;3050;Pluviométrica;INSTITUTO DE HIDROLOGIA METEOROLOGIA Y ESTUDIOS AMBIENTALES;Area Operativa 11 - Cundinamarca-Amazonas-San Andrés;Bogota;Bogota, D.C;15/03/1985 0:00;;PRECIPITACION;PTPM_TT_M;Precipitación total mensual;Mensual;1/03/2005;37.1;50;;900
21201300;AUSTRALIA [21201300];4.394.250;-741.320;3050;Pluviométrica;INSTITUTO DE HIDROLOGIA METEOROLOGIA Y ESTUDIOS AMBIENTALES;Area Operativa 11 - Cundinamarca-Amazonas-San Andrés;Bogota;Bogota, D.C;15/03/1985 0:00;;PRECIPITACION;PTPM_TT_M;Precipitación total mensual;Mensual;1/04/2005;132.6;50;;900
21201300;AUSTRALIA [21201300];4.394.250;-741.320;3050;Pluviométrica;INSTITUTO DE HIDROLOGIA METEOROLOGIA Y ESTUDIOS AMBIENTALES;Area Operativa 11 - Cundinamarca-Amazonas-San Andrés;Bogota;Bogota, D.C;15/03/1985 0:00;;PRECIPITACION;PTPM_TT_M;Precipitación total mensual;Mensual;1/05/2005;210.7;50;;900
21201300;AUSTRALIA [21201300];4.394.250;-741.320;3050;Pluviométrica;INSTITUTO DE HIDROLOGIA METEOROLOGIA Y ESTUDIOS AMBIENTALES;Area Operativa 11 - Cundinamarca-Amazonas-San Andrés;Bogota;Bogota, D.C;15/03/1985 0:00;;PRECIPITACION;PTPM_TT_M;Precipitación total mensual;Mensual;1/06/2005;109.9;50;;900
21201300;AUSTRALIA [21201300];4.394.250;-741.320;3050;Pluviométrica;INSTITUTO DE HIDROLOGIA METEOROLOGIA Y ESTUDIOS AMBIENTALES;Area Operativa 11 - Cundinamarca-Amazonas-San Andrés;Bogota;Bogota, D.C;15/03/1985 0:00;;PRECIPITACION;PTPM_TT_M;Precipitación total mensual;Mensual;1/07/2005;125.2;50;;900
21201300;AUSTRALIA [21201300];4.394.250;-741.320;3050;Pluviométrica;INSTITUTO DE HIDROLOGIA METEOROLOGIA Y ESTUDIOS AMBIENTALES;Area Operativa 11 - Cundinamarca-Amazonas-San Andrés;Bogota;Bogota, D.C;15/03/1985 0:00;;PRECIPITACION;PTPM_TT_M;Precipitación total mensual;Mensual;1/08/2005;88.2;4;;900
21201300;AUSTRALIA [21201300];4.394.250;-741.320;3050;Pluviométrica;INSTITUTO DE HIDROLOGIA METEOROLOGIA Y ESTUDIOS AMBIENTALES;Area Operativa 11 - Cundinamarca-Amazonas-San Andrés;Bogota;Bogota, D.C;15/03/1985 0:00;;PRECIPITACION;PTPM_TT_M;Precipitación total mensual;Mensual;1/09/2005;72.1;4;;900
21201300;AUSTRALIA [21201300];4.394.250;-741.320;3050;Pluviométrica;INSTITUTO DE HIDROLOGIA METEOROLOGIA Y ESTUDIOS AMBIENTALES;Area Operativa 11 - Cundinamarca-Amazonas-San Andrés;Bogota;Bogota, D.C;15/03/1985 0:00;;PRECIPITACION;PTPM_TT_M;Precipitación total mensual;Mensual;1/10/2005;98.3;50;;900
21201300;AUSTRALIA [21201300];4.394.250;-741.320;3050;Pluviométrica;INSTITUTO DE HIDROLOGIA METEOROLOGIA Y ESTUDIOS AMBIENTALES;Area Operativa 11 - Cundinamarca-Amazonas-San Andrés;Bogota;Bogota, D.C;15/03/1985 0:00;;PRECIPITACION;PTPM_TT_M;Precipitación total mensual;Mensual;1/11/2005;80.2;50;;900
21201300;AUSTRALIA [21201300];4.394.250;-741.320;3050;Pluviométrica;INSTITUTO DE HIDROLOGIA METEOROLOGIA Y ESTUDIOS AMBIENTALES;Area Operativa 11 - Cundinamarca-Amazonas-San Andrés;Bogota;Bogota, D.C;15/03/1985 0:00;;PRECIPITACION;PTPM_TT_M;Precipitación total mensual;Mensual;1/12/2005;25.7;50;;900
21201300;AUSTRALIA [21201300];4.394.250;-741.320;3050;Pluviométrica;INSTITUTO DE HIDROLOGIA METEOROLOGIA Y ESTUDIOS AMBIENTALES;Area Operativa 11 - Cundinamarca-Amazonas-San Andrés;Bogota;Bogota, D.C;15/03/1985 0:00;;PRECIPITACION;PTPM_TT_M;Precipitación total mensual;Mensual;1/01/2006;52.8;50;;900
21201300;AUSTRALIA [21201300];4.394.250;-741.320;3050;Pluviométrica;INSTITUTO DE HIDROLOGIA METEOROLOGIA Y ESTUDIOS AMBIENTALES;Area Operativa 11 - Cundinamarca-Amazonas-San Andrés;Bogota;Bogota, D.C;15/03/1985 0:00;;PRECIPITACION;PTPM_TT_M;Precipitación total mensual;Mensual;1/02/2006;14.8;50;;900
21201300;AUSTRALIA [21201300];4.394.250;-741.320;3050;Pluviométrica;INSTITUTO DE HIDROLOGIA METEOROLOGIA Y ESTUDIOS AMBIENTALES;Area Operativa 11 - Cundinamarca-Amazonas-San Andrés;Bogota;Bogota, D.C;15/03/1985 0:00;;PRECIPITACION;PTPM_TT_M;Precipitación total mensual;Mensual;1/03/2006;107.9;50;;900
21201300;AUSTRALIA [21201300];4.394.250;-741.320;3050;Pluviométrica;INSTITUTO DE HIDROLOGIA METEOROLOGIA Y ESTUDIOS AMBIENTALES;Area Operativa 11 - Cundinamarca-Amazonas-San Andrés;Bogota;Bogota, D.C;15/03/1985 0:00;;PRECIPITACION;PTPM_TT_M;Precipitación total mensual;Mensual;1/04/2006;165.9;50;;900
21201300;AUSTRALIA [21201300];4.394.250;-741.320;3050;Pluviométrica;INSTITUTO DE HIDROLOGIA METEOROLOGIA Y ESTUDIOS AMBIENTALES;Area Operativa 11 - Cundinamarca-Amazonas-San Andrés;Bogota;Bogota, D.C;15/03/1985 0:00;;PRECIPITACION;PTPM_TT_M;Precipitación total mensual;Mensual;1/05/2006;189.4;50;;900
21201300;AUSTRALIA [21201300];4.394.250;-741.320;3050;Pluviométrica;INSTITUTO DE HIDROLOGIA METEOROLOGIA Y ESTUDIOS AMBIENTALES;Area Operativa 11 - Cundinamarca-Amazonas-San Andrés;Bogota;Bogota, D.C;15/03/1985 0:00;;PRECIPITACION;PTPM_TT_M;Precipitación total mensual;Mensual;1/06/2006;167.7;50;;900
21201300;AUSTRALIA [21201300];4.394.250;-741.320;3050;Pluviométrica;INSTITUTO DE HIDROLOGIA METEOROLOGIA Y ESTUDIOS AMBIENTALES;Area Operativa 11 - Cundinamarca-Amazonas-San Andrés;Bogota;Bogota, D.C;15/03/1985 0:00;;PRECIPITACION;PTPM_TT_M;Precipitación total mensual;Mensual;1/07/2006;101.4;50;;900
21201300;AUSTRALIA [21201300];4.394.250;-741.320;3050;Pluviométrica;INSTITUTO DE HIDROLOGIA METEOROLOGIA Y ESTUDIOS AMBIENTALES;Area Operativa 11 - Cundinamarca-Amazonas-San Andrés;Bogota;Bogota, D.C;15/03/1985 0:00;;PRECIPITACION;PTPM_TT_M;Precipitación total mensual;Mensual;1/08/2006;100;50;;900
21201300;AUSTRALIA [21201300];4.394.250;-741.320;3050;Pluviométrica;INSTITUTO DE HIDROLOGIA METEOROLOGIA Y ESTUDIOS AMBIENTALES;Area Operativa 11 - Cundinamarca-Amazonas-San Andrés;Bogota;Bogota, D.C;15/03/1985 0:00;;PRECIPITACION;PTPM_TT_M;Precipitación total mensual;Mensual;1/09/2006;70.7;50;;900
21201300;AUSTRALIA [21201300];4.394.250;-741.320;3050;Pluviométrica;INSTITUTO DE HIDROLOGIA METEOROLOGIA Y ESTUDIOS AMBIENTALES;Area Operativa 11 - Cundinamarca-Amazonas-San Andrés;Bogota;Bogota, D.C;15/03/1985 0:00;;PRECIPITACION;PTPM_TT_M;Precipitación total mensual;Mensual;1/10/2006;139.5;50;;900
21201300;AUSTRALIA [21201300];4.394.250;-741.320;3050;Pluviométrica;INSTITUTO DE HIDROLOGIA METEOROLOGIA Y ESTUDIOS AMBIENTALES;Area Operativa 11 - Cundinamarca-Amazonas-San Andrés;Bogota;Bogota, D.C;15/03/1985 0:00;;PRECIPITACION;PTPM_TT_M;Precipitación total mensual;Mensual;1/11/2006;146.2;50;;900
21201300;AUSTRALIA [21201300];4.394.250;-741.320;3050;Pluviométrica;INSTITUTO DE HIDROLOGIA METEOROLOGIA Y ESTUDIOS AMBIENTALES;Area Operativa 11 - Cundinamarca-Amazonas-San Andrés;Bogota;Bogota, D.C;15/03/1985 0:00;;PRECIPITACION;PTPM_TT_M;Precipitación total mensual;Mensual;1/12/2006;24.4;50;;900
21201300;AUSTRALIA [21201300];4.394.250;-741.320;3050;Pluviométrica;INSTITUTO DE HIDROLOGIA METEOROLOGIA Y ESTUDIOS AMBIENTALES;Area Operativa 11 - Cundinamarca-Amazonas-San Andrés;Bogota;Bogota, D.C;15/03/1985 0:00;;PRECIPITACION;PTPM_TT_M;Precipitación total mensual;Mensual;1/01/2007;1.3;50;;900
21201300;AUSTRALIA [21201300];4.394.250;-741.320;3050;Pluviométrica;INSTITUTO DE HIDROLOGIA METEOROLOGIA Y ESTUDIOS AMBIENTALES;Area Operativa 11 - Cundinamarca-Amazonas-San Andrés;Bogota;Bogota, D.C;15/03/1985 0:00;;PRECIPITACION;PTPM_TT_M;Precipitación total mensual;Mensual;1/02/2007;26.6;50;;900
21201300;AUSTRALIA [21201300];4.394.250;-741.320;3050;Pluviométrica;INSTITUTO DE HIDROLOGIA METEOROLOGIA Y ESTUDIOS AMBIENTALES;Area Operativa 11 - Cundinamarca-Amazonas-San Andrés;Bogota;Bogota, D.C;15/03/1985 0:00;;PRECIPITACION;PTPM_TT_M;Precipitación total mensual;Mensual;1/03/2007;31.9;50;;900
21201300;AUSTRALIA [21201300];4.394.250;-741.320;3050;Pluviométrica;INSTITUTO DE HIDROLOGIA METEOROLOGIA Y ESTUDIOS AMBIENTALES;Area Operativa 11 - Cundinamarca-Amazonas-San Andrés;Bogota;Bogota, D.C;15/03/1985 0:00;;PRECIPITACION;PTPM_TT_M;Precipitación total mensual;Mensual;1/04/2007;137.6;50;;900
21201300;AUSTRALIA [21201300];4.394.250;-741.320;3050;Pluviométrica;INSTITUTO DE HIDROLOGIA METEOROLOGIA Y ESTUDIOS AMBIENTALES;Area Operativa 11 - Cundinamarca-Amazonas-San Andrés;Bogota;Bogota, D.C;15/03/1985 0:00;;PRECIPITACION;PTPM_TT_M;Precipitación total mensual;Mensual;1/05/2007;131.3;50;;900
21201300;AUSTRALIA [21201300];4.394.250;-741.320;3050;Pluviométrica;INSTITUTO DE HIDROLOGIA METEOROLOGIA Y ESTUDIOS AMBIENTALES;Area Operativa 11 - Cundinamarca-Amazonas-San Andrés;Bogota;Bogota, D.C;15/03/1985 0:00;;PRECIPITACION;PTPM_TT_M;Precipitación total mensual;Mensual;1/06/2007;218.6;50;;900
21201300;AUSTRALIA [21201300];4.394.250;-741.320;3050;Pluviométrica;INSTITUTO DE HIDROLOGIA METEOROLOGIA Y ESTUDIOS AMBIENTALES;Area Operativa 11 - Cundinamarca-Amazonas-San Andrés;Bogota;Bogota, D.C;15/03/1985 0:00;;PRECIPITACION;PTPM_TT_M;Precipitación total mensual;Mensual;1/07/2007;98.3;50;;900
21201300;AUSTRALIA [21201300];4.394.250;-741.320;3050;Pluviométrica;INSTITUTO DE HIDROLOGIA METEOROLOGIA Y ESTUDIOS AMBIENTALES;Area Operativa 11 - Cundinamarca-Amazonas-San Andrés;Bogota;Bogota, D.C;15/03/1985 0:00;;PRECIPITACION;PTPM_TT_M;Precipitación total mensual;Mensual;1/08/2007;142.4;50;;900
21201300;AUSTRALIA [21201300];4.394.250;-741.320;3050;Pluviométrica;INSTITUTO DE HIDROLOGIA METEOROLOGIA Y ESTUDIOS AMBIENTALES;Area Operativa 11 - Cundinamarca-Amazonas-San Andrés;Bogota;Bogota, D.C;15/03/1985 0:00;;PRECIPITACION;PTPM_TT_M;Precipitación total mensual;Mensual;1/09/2007;54.5;50;;900
21201300;AUSTRALIA [21201300];4.394.250;-741.320;3050;Pluviométrica;INSTITUTO DE HIDROLOGIA METEOROLOGIA Y ESTUDIOS AMBIENTALES;Area Operativa 11 - Cundinamarca-Amazonas-San Andrés;Bogota;Bogota, D.C;15/03/1985 0:00;;PRECIPITACION;PTPM_TT_M;Precipitación total mensual;Mensual;1/10/2007;164.1;50;;900
21201300;AUSTRALIA [21201300];4.394.250;-741.320;3050;Pluviométrica;INSTITUTO DE HIDROLOGIA METEOROLOGIA Y ESTUDIOS AMBIENTALES;Area Operativa 11 - Cundinamarca-Amazonas-San Andrés;Bogota;Bogota, D.C;15/03/1985 0:00;;PRECIPITACION;PTPM_TT_M;Precipitación total mensual;Mensual;1/11/2007;52;50;;900
21201300;AUSTRALIA [21201300];4.394.250;-741.320;3050;Pluviométrica;INSTITUTO DE HIDROLOGIA METEOROLOGIA Y ESTUDIOS AMBIENTALES;Area Operativa 11 - Cundinamarca-Amazonas-San Andrés;Bogota;Bogota, D.C;15/03/1985 0:00;;PRECIPITACION;PTPM_TT_M;Precipitación total mensual;Mensual;1/12/2007;91.6;50;;900
21201300;AUSTRALIA [21201300];4.394.250;-741.320;3050;Pluviométrica;INSTITUTO DE HIDROLOGIA METEOROLOGIA Y ESTUDIOS AMBIENTALES;Area Operativa 11 - Cundinamarca-Amazonas-San Andrés;Bogota;Bogota, D.C;15/03/1985 0:00;;PRECIPITACION;PTPM_TT_M;Precipitación total mensual;Mensual;1/01/2008;24.7;50;;900
21201300;AUSTRALIA [21201300];4.394.250;-741.320;3050;Pluviométrica;INSTITUTO DE HIDROLOGIA METEOROLOGIA Y ESTUDIOS AMBIENTALES;Area Operativa 11 - Cundinamarca-Amazonas-San Andrés;Bogota;Bogota, D.C;15/03/1985 0:00;;PRECIPITACION;PTPM_TT_M;Precipitación total mensual;Mensual;1/02/2008;34.1;50;;900
21201300;AUSTRALIA [21201300];4.394.250;-741.320;3050;Pluviométrica;INSTITUTO DE HIDROLOGIA METEOROLOGIA Y ESTUDIOS AMBIENTALES;Area Operativa 11 - Cundinamarca-Amazonas-San Andrés;Bogota;Bogota, D.C;15/03/1985 0:00;;PRECIPITACION;PTPM_TT_M;Precipitación total mensual;Mensual;1/03/2008;61.9;50;;900
21201300;AUSTRALIA [21201300];4.394.250;-741.320;3050;Pluviométrica;INSTITUTO DE HIDROLOGIA METEOROLOGIA Y ESTUDIOS AMBIENTALES;Area Operativa 11 - Cundinamarca-Amazonas-San Andrés;Bogota;Bogota, D.C;15/03/1985 0:00;;PRECIPITACION;PTPM_TT_M;Precipitación total mensual;Mensual;1/04/2008;146.6;50;;900
21201300;AUSTRALIA [21201300];4.394.250;-741.320;3050;Pluviométrica;INSTITUTO DE HIDROLOGIA METEOROLOGIA Y ESTUDIOS AMBIENTALES;Area Operativa 11 - Cundinamarca-Amazonas-San Andrés;Bogota;Bogota, D.C;15/03/1985 0:00;;PRECIPITACION;PTPM_TT_M;Precipitación total mensual;Mensual;1/05/2008;208.4;50;;900
21201300;AUSTRALIA [21201300];4.394.250;-741.320;3050;Pluviométrica;INSTITUTO DE HIDROLOGIA METEOROLOGIA Y ESTUDIOS AMBIENTALES;Area Operativa 11 - Cundinamarca-Amazonas-San Andrés;Bogota;Bogota, D.C;15/03/1985 0:00;;PRECIPITACION;PTPM_TT_M;Precipitación total mensual;Mensual;1/06/2008;172.1;50;;900
21201300;AUSTRALIA [21201300];4.394.250;-741.320;3050;Pluviométrica;INSTITUTO DE HIDROLOGIA METEOROLOGIA Y ESTUDIOS AMBIENTALES;Area Operativa 11 - Cundinamarca-Amazonas-San Andrés;Bogota;Bogota, D.C;15/03/1985 0:00;;PRECIPITACION;PTPM_TT_M;Precipitación total mensual;Mensual;1/07/2008;179;50;;900
21201300;AUSTRALIA [21201300];4.394.250;-741.320;3050;Pluviométrica;INSTITUTO DE HIDROLOGIA METEOROLOGIA Y ESTUDIOS AMBIENTALES;Area Operativa 11 - Cundinamarca-Amazonas-San Andrés;Bogota;Bogota, D.C;15/03/1985 0:00;;PRECIPITACION;PTPM_TT_M;Precipitación total mensual;Mensual;1/08/2008;89.2;4;;900
21201300;AUSTRALIA [21201300];4.394.250;-741.320;3050;Pluviométrica;INSTITUTO DE HIDROLOGIA METEOROLOGIA Y ESTUDIOS AMBIENTALES;Area Operativa 11 - Cundinamarca-Amazonas-San Andrés;Bogota;Bogota, D.C;15/03/1985 0:00;;PRECIPITACION;PTPM_TT_M;Precipitación total mensual;Mensual;1/09/2008;86.1;4;;900
21201300;AUSTRALIA [21201300];4.394.250;-741.320;3050;Pluviométrica;INSTITUTO DE HIDROLOGIA METEOROLOGIA Y ESTUDIOS AMBIENTALES;Area Operativa 11 - Cundinamarca-Amazonas-San Andrés;Bogota;Bogota, D.C;15/03/1985 0:00;;PRECIPITACION;PTPM_TT_M;Precipitación total mensual;Mensual;1/10/2008;96.6;50;;900
21201300;AUSTRALIA [21201300];4.394.250;-741.320;3050;Pluviométrica;INSTITUTO DE HIDROLOGIA METEOROLOGIA Y ESTUDIOS AMBIENTALES;Area Operativa 11 - Cundinamarca-Amazonas-San Andrés;Bogota;Bogota, D.C;15/03/1985 0:00;;PRECIPITACION;PTPM_TT_M;Precipitación total mensual;Mensual;1/11/2008;141;50;;900
21201300;AUSTRALIA [21201300];4.394.250;-741.320;3050;Pluviométrica;INSTITUTO DE HIDROLOGIA METEOROLOGIA Y ESTUDIOS AMBIENTALES;Area Operativa 11 - Cundinamarca-Amazonas-San Andrés;Bogota;Bogota, D.C;15/03/1985 0:00;;PRECIPITACION;PTPM_TT_M;Precipitación total mensual;Mensual;1/12/2008;46.5;50;;900
21201300;AUSTRALIA [21201300];4.394.250;-741.320;3050;Pluviométrica;INSTITUTO DE HIDROLOGIA METEOROLOGIA Y ESTUDIOS AMBIENTALES;Area Operativa 11 - Cundinamarca-Amazonas-San Andrés;Bogota;Bogota, D.C;15/03/1985 0:00;;PRECIPITACION;PTPM_TT_M;Precipitación total mensual;Mensual;1/01/2009;89.8;50;;900
21201300;AUSTRALIA [21201300];4.394.250;-741.320;3050;Pluviométrica;INSTITUTO DE HIDROLOGIA METEOROLOGIA Y ESTUDIOS AMBIENTALES;Area Operativa 11 - Cundinamarca-Amazonas-San Andrés;Bogota;Bogota, D.C;15/03/1985 0:00;;PRECIPITACION;PTPM_TT_M;Precipitación total mensual;Mensual;1/02/2009;29.6;50;;900
21201300;AUSTRALIA [21201300];4.394.250;-741.320;3050;Pluviométrica;INSTITUTO DE HIDROLOGIA METEOROLOGIA Y ESTUDIOS AMBIENTALES;Area Operativa 11 - Cundinamarca-Amazonas-San Andrés;Bogota;Bogota, D.C;15/03/1985 0:00;;PRECIPITACION;PTPM_TT_M;Precipitación total mensual;Mensual;1/03/2009;96.7;50;;900
21201300;AUSTRALIA [21201300];4.394.250;-741.320;3050;Pluviométrica;INSTITUTO DE HIDROLOGIA METEOROLOGIA Y ESTUDIOS AMBIENTALES;Area Operativa 11 - Cundinamarca-Amazonas-San Andrés;Bogota;Bogota, D.C;15/03/1985 0:00;;PRECIPITACION;PTPM_TT_M;Precipitación total mensual;Mensual;1/04/2009;102.4;50;;900
21201300;AUSTRALIA [21201300];4.394.250;-741.320;3050;Pluviométrica;INSTITUTO DE HIDROLOGIA METEOROLOGIA Y ESTUDIOS AMBIENTALES;Area Operativa 11 - Cundinamarca-Amazonas-San Andrés;Bogota;Bogota, D.C;15/03/1985 0:00;;PRECIPITACION;PTPM_TT_M;Precipitación total mensual;Mensual;1/05/2009;85.3;50;;900
21201300;AUSTRALIA [21201300];4.394.250;-741.320;3050;Pluviométrica;INSTITUTO DE HIDROLOGIA METEOROLOGIA Y ESTUDIOS AMBIENTALES;Area Operativa 11 - Cundinamarca-Amazonas-San Andrés;Bogota;Bogota, D.C;15/03/1985 0:00;;PRECIPITACION;PTPM_TT_M;Precipitación total mensual;Mensual;1/06/2009;145.2;4;;900
21201300;AUSTRALIA [21201300];4.394.250;-741.320;3050;Pluviométrica;INSTITUTO DE HIDROLOGIA METEOROLOGIA Y ESTUDIOS AMBIENTALES;Area Operativa 11 - Cundinamarca-Amazonas-San Andrés;Bogota;Bogota, D.C;15/03/1985 0:00;;PRECIPITACION;PTPM_TT_M;Precipitación total mensual;Mensual;1/07/2009;198.8;50;;900
21201300;AUSTRALIA [21201300];4.394.250;-741.320;3050;Pluviométrica;INSTITUTO DE HIDROLOGIA METEOROLOGIA Y ESTUDIOS AMBIENTALES;Area Operativa 11 - Cundinamarca-Amazonas-San Andrés;Bogota;Bogota, D.C;15/03/1985 0:00;;PRECIPITACION;PTPM_TT_M;Precipitación total mensual;Mensual;1/08/2009;106.8;50;;900
21201300;AUSTRALIA [21201300];4.394.250;-741.320;3050;Pluviométrica;INSTITUTO DE HIDROLOGIA METEOROLOGIA Y ESTUDIOS AMBIENTALES;Area Operativa 11 - Cundinamarca-Amazonas-San Andrés;Bogota;Bogota, D.C;15/03/1985 0:00;;PRECIPITACION;PTPM_TT_M;Precipitación total mensual;Mensual;1/09/2009;85.8;50;;900
21201300;AUSTRALIA [21201300];4.394.250;-741.320;3050;Pluviométrica;INSTITUTO DE HIDROLOGIA METEOROLOGIA Y ESTUDIOS AMBIENTALES;Area Operativa 11 - Cundinamarca-Amazonas-San Andrés;Bogota;Bogota, D.C;15/03/1985 0:00;;PRECIPITACION;PTPM_TT_M;Precipitación total mensual;Mensual;1/10/2009;82.6;50;;900
21201300;AUSTRALIA [21201300];4.394.250;-741.320;3050;Pluviométrica;INSTITUTO DE HIDROLOGIA METEOROLOGIA Y ESTUDIOS AMBIENTALES;Area Operativa 11 - Cundinamarca-Amazonas-San Andrés;Bogota;Bogota, D.C;15/03/1985 0:00;;PRECIPITACION;PTPM_TT_M;Precipitación total mensual;Mensual;1/11/2009;53.6;50;;900
21201300;AUSTRALIA [21201300];4.394.250;-741.320;3050;Pluviométrica;INSTITUTO DE HIDROLOGIA METEOROLOGIA Y ESTUDIOS AMBIENTALES;Area Operativa 11 - Cundinamarca-Amazonas-San Andrés;Bogota;Bogota, D.C;15/03/1985 0:00;;PRECIPITACION;PTPM_TT_M;Precipitación total mensual;Mensual;1/12/2009;12.1;50;;900
21201300;AUSTRALIA [21201300];4.394.250;-741.320;3050;Pluviométrica;INSTITUTO DE HIDROLOGIA METEOROLOGIA Y ESTUDIOS AMBIENTALES;Area Operativa 11 - Cundinamarca-Amazonas-San Andrés;Bogota;Bogota, D.C;15/03/1985 0:00;;PRECIPITACION;PTPM_TT_M;Precipitación total mensual;Mensual;1/01/2010;0.5;50;;900
21201300;AUSTRALIA [21201300];4.394.250;-741.320;3050;Pluviométrica;INSTITUTO DE HIDROLOGIA METEOROLOGIA Y ESTUDIOS AMBIENTALES;Area Operativa 11 - Cundinamarca-Amazonas-San Andrés;Bogota;Bogota, D.C;15/03/1985 0:00;;PRECIPITACION;PTPM_TT_M;Precipitación total mensual;Mensual;1/02/2010;48.3;50;;900
21201300;AUSTRALIA [21201300];4.394.250;-741.320;3050;Pluviométrica;INSTITUTO DE HIDROLOGIA METEOROLOGIA Y ESTUDIOS AMBIENTALES;Area Operativa 11 - Cundinamarca-Amazonas-San Andrés;Bogota;Bogota, D.C;15/03/1985 0:00;;PRECIPITACION;PTPM_TT_M;Precipitación total mensual;Mensual;1/03/2010;56.6;50;;900
21201300;AUSTRALIA [21201300];4.394.250;-741.320;3050;Pluviométrica;INSTITUTO DE HIDROLOGIA METEOROLOGIA Y ESTUDIOS AMBIENTALES;Area Operativa 11 - Cundinamarca-Amazonas-San Andrés;Bogota;Bogota, D.C;15/03/1985 0:00;;PRECIPITACION;PTPM_TT_M;Precipitación total mensual;Mensual;1/04/2010;197.8;50;;900
21201300;AUSTRALIA [21201300];4.394.250;-741.320;3050;Pluviométrica;INSTITUTO DE HIDROLOGIA METEOROLOGIA Y ESTUDIOS AMBIENTALES;Area Operativa 11 - Cundinamarca-Amazonas-San Andrés;Bogota;Bogota, D.C;15/03/1985 0:00;;PRECIPITACION;PTPM_TT_M;Precipitación total mensual;Mensual;1/05/2010;200.3;50;;900
21201300;AUSTRALIA [21201300];4.394.250;-741.320;3050;Pluviométrica;INSTITUTO DE HIDROLOGIA METEOROLOGIA Y ESTUDIOS AMBIENTALES;Area Operativa 11 - Cundinamarca-Amazonas-San Andrés;Bogota;Bogota, D.C;15/03/1985 0:00;;PRECIPITACION;PTPM_TT_M;Precipitación total mensual;Mensual;1/06/2010;187.6;50;;900
21201300;AUSTRALIA [21201300];4.394.250;-741.320;3050;Pluviométrica;INSTITUTO DE HIDROLOGIA METEOROLOGIA Y ESTUDIOS AMBIENTALES;Area Operativa 11 - Cundinamarca-Amazonas-San Andrés;Bogota;Bogota, D.C;15/03/1985 0:00;;PRECIPITACION;PTPM_TT_M;Precipitación total mensual;Mensual;1/07/2010;207.1;50;;900
21201300;AUSTRALIA [21201300];4.394.250;-741.320;3050;Pluviométrica;INSTITUTO DE HIDROLOGIA METEOROLOGIA Y ESTUDIOS AMBIENTALES;Area Operativa 11 - Cundinamarca-Amazonas-San Andrés;Bogota;Bogota, D.C;15/03/1985 0:00;;PRECIPITACION;PTPM_TT_M;Precipitación total mensual;Mensual;1/08/2010;69.5;50;;900
21201300;AUSTRALIA [21201300];4.394.250;-741.320;3050;Pluviométrica;INSTITUTO DE HIDROLOGIA METEOROLOGIA Y ESTUDIOS AMBIENTALES;Area Operativa 11 - Cundinamarca-Amazonas-San Andrés;Bogota;Bogota, D.C;15/03/1985 0:00;;PRECIPITACION;PTPM_TT_M;Precipitación total mensual;Mensual;1/09/2010;75.1;50;;900
21201300;AUSTRALIA [21201300];4.394.250;-741.320;3050;Pluviométrica;INSTITUTO DE HIDROLOGIA METEOROLOGIA Y ESTUDIOS AMBIENTALES;Area Operativa 11 - Cundinamarca-Amazonas-San Andrés;Bogota;Bogota, D.C;15/03/1985 0:00;;PRECIPITACION;PTPM_TT_M;Precipitación total mensual;Mensual;1/10/2010;102.9;50;;900
21201300;AUSTRALIA [21201300];4.394.250;-741.320;3050;Pluviométrica;INSTITUTO DE HIDROLOGIA METEOROLOGIA Y ESTUDIOS AMBIENTALES;Area Operativa 11 - Cundinamarca-Amazonas-San Andrés;Bogota;Bogota, D.C;15/03/1985 0:00;;PRECIPITACION;PTPM_TT_M;Precipitación total mensual;Mensual;1/11/2010;127.4;50;;900
21201300;AUSTRALIA [21201300];4.394.250;-741.320;3050;Pluviométrica;INSTITUTO DE HIDROLOGIA METEOROLOGIA Y ESTUDIOS AMBIENTALES;Area Operativa 11 - Cundinamarca-Amazonas-San Andrés;Bogota;Bogota, D.C;15/03/1985 0:00;;PRECIPITACION;PTPM_TT_M;Precipitación total mensual;Mensual;1/12/2010;65.1;50;;900
21201300;AUSTRALIA [21201300];4.394.250;-741.320;3050;Pluviométrica;INSTITUTO DE HIDROLOGIA METEOROLOGIA Y ESTUDIOS AMBIENTALES;Area Operativa 11 - Cundinamarca-Amazonas-San Andrés;Bogota;Bogota, D.C;15/03/1985 0:00;;PRECIPITACION;PTPM_TT_M;Precipitación total mensual;Mensual;1/01/2011;52.8;50;;900
21201300;AUSTRALIA [21201300];4.394.250;-741.320;3050;Pluviométrica;INSTITUTO DE HIDROLOGIA METEOROLOGIA Y ESTUDIOS AMBIENTALES;Area Operativa 11 - Cundinamarca-Amazonas-San Andrés;Bogota;Bogota, D.C;15/03/1985 0:00;;PRECIPITACION;PTPM_TT_M;Precipitación total mensual;Mensual;1/02/2011;78;4;;900
21201300;AUSTRALIA [21201300];4.394.250;-741.320;3050;Pluviométrica;INSTITUTO DE HIDROLOGIA METEOROLOGIA Y ESTUDIOS AMBIENTALES;Area Operativa 11 - Cundinamarca-Amazonas-San Andrés;Bogota;Bogota, D.C;15/03/1985 0:00;;PRECIPITACION;PTPM_TT_M;Precipitación total mensual;Mensual;1/03/2011;174.4;50;;900
21201300;AUSTRALIA [21201300];4.394.250;-741.320;3050;Pluviométrica;INSTITUTO DE HIDROLOGIA METEOROLOGIA Y ESTUDIOS AMBIENTALES;Area Operativa 11 - Cundinamarca-Amazonas-San Andrés;Bogota;Bogota, D.C;15/03/1985 0:00;;PRECIPITACION;PTPM_TT_M;Precipitación total mensual;Mensual;1/04/2011;198.5;50;;900
21201300;AUSTRALIA [21201300];4.394.250;-741.320;3050;Pluviométrica;INSTITUTO DE HIDROLOGIA METEOROLOGIA Y ESTUDIOS AMBIENTALES;Area Operativa 11 - Cundinamarca-Amazonas-San Andrés;Bogota;Bogota, D.C;15/03/1985 0:00;;PRECIPITACION;PTPM_TT_M;Precipitación total mensual;Mensual;1/05/2011;147.6;50;;900
21201300;AUSTRALIA [21201300];4.394.250;-741.320;3050;Pluviométrica;INSTITUTO DE HIDROLOGIA METEOROLOGIA Y ESTUDIOS AMBIENTALES;Area Operativa 11 - Cundinamarca-Amazonas-San Andrés;Bogota;Bogota, D.C;15/03/1985 0:00;;PRECIPITACION;PTPM_TT_M;Precipitación total mensual;Mensual;1/06/2011;84;50;;900
21201300;AUSTRALIA [21201300];4.394.250;-741.320;3050;Pluviométrica;INSTITUTO DE HIDROLOGIA METEOROLOGIA Y ESTUDIOS AMBIENTALES;Area Operativa 11 - Cundinamarca-Amazonas-San Andrés;Bogota;Bogota, D.C;15/03/1985 0:00;;PRECIPITACION;PTPM_TT_M;Precipitación total mensual;Mensual;1/07/2011;104.7;50;;900
21201300;AUSTRALIA [21201300];4.394.250;-741.320;3050;Pluviométrica;INSTITUTO DE HIDROLOGIA METEOROLOGIA Y ESTUDIOS AMBIENTALES;Area Operativa 11 - Cundinamarca-Amazonas-San Andrés;Bogota;Bogota, D.C;15/03/1985 0:00;;PRECIPITACION;PTPM_TT_M;Precipitación total mensual;Mensual;1/08/2011;73.4;50;;900
21201300;AUSTRALIA [21201300];4.394.250;-741.320;3050;Pluviométrica;INSTITUTO DE HIDROLOGIA METEOROLOGIA Y ESTUDIOS AMBIENTALES;Area Operativa 11 - Cundinamarca-Amazonas-San Andrés;Bogota;Bogota, D.C;15/03/1985 0:00;;PRECIPITACION;PTPM_TT_M;Precipitación total mensual;Mensual;1/09/2011;120.1;50;;900
21201300;AUSTRALIA [21201300];4.394.250;-741.320;3050;Pluviométrica;INSTITUTO DE HIDROLOGIA METEOROLOGIA Y ESTUDIOS AMBIENTALES;Area Operativa 11 - Cundinamarca-Amazonas-San Andrés;Bogota;Bogota, D.C;15/03/1985 0:00;;PRECIPITACION;PTPM_TT_M;Precipitación total mensual;Mensual;1/10/2011;146.4;50;;900
21201300;AUSTRALIA [21201300];4.394.250;-741.320;3050;Pluviométrica;INSTITUTO DE HIDROLOGIA METEOROLOGIA Y ESTUDIOS AMBIENTALES;Area Operativa 11 - Cundinamarca-Amazonas-San Andrés;Bogota;Bogota, D.C;15/03/1985 0:00;;PRECIPITACION;PTPM_TT_M;Precipitación total mensual;Mensual;1/11/2011;184.5;50;;900
21201300;AUSTRALIA [21201300];4.394.250;-741.320;3050;Pluviométrica;INSTITUTO DE HIDROLOGIA METEOROLOGIA Y ESTUDIOS AMBIENTALES;Area Operativa 11 - Cundinamarca-Amazonas-San Andrés;Bogota;Bogota, D.C;15/03/1985 0:00;;PRECIPITACION;PTPM_TT_M;Precipitación total mensual;Mensual;1/12/2011;69.9;50;;900
21201300;AUSTRALIA [21201300];4.394.250;-741.320;3050;Pluviométrica;INSTITUTO DE HIDROLOGIA METEOROLOGIA Y ESTUDIOS AMBIENTALES;Area Operativa 11 - Cundinamarca-Amazonas-San Andrés;Bogota;Bogota, D.C;15/03/1985 0:00;;PRECIPITACION;PTPM_TT_M;Precipitación total mensual;Mensual;1/01/2012;31.9;50;;900
21201300;AUSTRALIA [21201300];4.394.250;-741.320;3050;Pluviométrica;INSTITUTO DE HIDROLOGIA METEOROLOGIA Y ESTUDIOS AMBIENTALES;Area Operativa 11 - Cundinamarca-Amazonas-San Andrés;Bogota;Bogota, D.C;15/03/1985 0:00;;PRECIPITACION;PTPM_TT_M;Precipitación total mensual;Mensual;1/02/2012;39.5;50;;900
21201300;AUSTRALIA [21201300];4.394.250;-741.320;3050;Pluviométrica;INSTITUTO DE HIDROLOGIA METEOROLOGIA Y ESTUDIOS AMBIENTALES;Area Operativa 11 - Cundinamarca-Amazonas-San Andrés;Bogota;Bogota, D.C;15/03/1985 0:00;;PRECIPITACION;PTPM_TT_M;Precipitación total mensual;Mensual;1/03/2012;132.7;50;;900
21201300;AUSTRALIA [21201300];4.394.250;-741.320;3050;Pluviométrica;INSTITUTO DE HIDROLOGIA METEOROLOGIA Y ESTUDIOS AMBIENTALES;Area Operativa 11 - Cundinamarca-Amazonas-San Andrés;Bogota;Bogota, D.C;15/03/1985 0:00;;PRECIPITACION;PTPM_TT_M;Precipitación total mensual;Mensual;1/04/2012;138.3;50;;900
21201300;AUSTRALIA [21201300];4.394.250;-741.320;3050;Pluviométrica;INSTITUTO DE HIDROLOGIA METEOROLOGIA Y ESTUDIOS AMBIENTALES;Area Operativa 11 - Cundinamarca-Amazonas-San Andrés;Bogota;Bogota, D.C;15/03/1985 0:00;;PRECIPITACION;PTPM_TT_M;Precipitación total mensual;Mensual;1/05/2012;162.5;50;;900
21201300;AUSTRALIA [21201300];4.394.250;-741.320;3050;Pluviométrica;INSTITUTO DE HIDROLOGIA METEOROLOGIA Y ESTUDIOS AMBIENTALES;Area Operativa 11 - Cundinamarca-Amazonas-San Andrés;Bogota;Bogota, D.C;15/03/1985 0:00;;PRECIPITACION;PTPM_TT_M;Precipitación total mensual;Mensual;1/06/2012;109.1;50;;900
21201300;AUSTRALIA [21201300];4.394.250;-741.320;3050;Pluviométrica;INSTITUTO DE HIDROLOGIA METEOROLOGIA Y ESTUDIOS AMBIENTALES;Area Operativa 11 - Cundinamarca-Amazonas-San Andrés;Bogota;Bogota, D.C;15/03/1985 0:00;;PRECIPITACION;PTPM_TT_M;Precipitación total mensual;Mensual;1/07/2012;205.5;50;;900
21201300;AUSTRALIA [21201300];4.394.250;-741.320;3050;Pluviométrica;INSTITUTO DE HIDROLOGIA METEOROLOGIA Y ESTUDIOS AMBIENTALES;Area Operativa 11 - Cundinamarca-Amazonas-San Andrés;Bogota;Bogota, D.C;15/03/1985 0:00;;PRECIPITACION;PTPM_TT_M;Precipitación total mensual;Mensual;1/08/2012;123.5;50;;900
21201300;AUSTRALIA [21201300];4.394.250;-741.320;3050;Pluviométrica;INSTITUTO DE HIDROLOGIA METEOROLOGIA Y ESTUDIOS AMBIENTALES;Area Operativa 11 - Cundinamarca-Amazonas-San Andrés;Bogota;Bogota, D.C;15/03/1985 0:00;;PRECIPITACION;PTPM_TT_M;Precipitación total mensual;Mensual;1/09/2012;86;50;;900
21201300;AUSTRALIA [21201300];4.394.250;-741.320;3050;Pluviométrica;INSTITUTO DE HIDROLOGIA METEOROLOGIA Y ESTUDIOS AMBIENTALES;Area Operativa 11 - Cundinamarca-Amazonas-San Andrés;Bogota;Bogota, D.C;15/03/1985 0:00;;PRECIPITACION;PTPM_TT_M;Precipitación total mensual;Mensual;1/10/2012;108.8;50;;900
21201300;AUSTRALIA [21201300];4.394.250;-741.320;3050;Pluviométrica;INSTITUTO DE HIDROLOGIA METEOROLOGIA Y ESTUDIOS AMBIENTALES;Area Operativa 11 - Cundinamarca-Amazonas-San Andrés;Bogota;Bogota, D.C;15/03/1985 0:00;;PRECIPITACION;PTPM_TT_M;Precipitación total mensual;Mensual;1/11/2012;64;50;;900
21201300;AUSTRALIA [21201300];4.394.250;-741.320;3050;Pluviométrica;INSTITUTO DE HIDROLOGIA METEOROLOGIA Y ESTUDIOS AMBIENTALES;Area Operativa 11 - Cundinamarca-Amazonas-San Andrés;Bogota;Bogota, D.C;15/03/1985 0:00;;PRECIPITACION;PTPM_TT_M;Precipitación total mensual;Mensual;1/12/2012;70.5;50;;900
21201300;AUSTRALIA [21201300];4.394.250;-741.320;3050;Pluviométrica;INSTITUTO DE HIDROLOGIA METEOROLOGIA Y ESTUDIOS AMBIENTALES;Area Operativa 11 - Cundinamarca-Amazonas-San Andrés;Bogota;Bogota, D.C;15/03/1985 0:00;;PRECIPITACION;PTPM_TT_M;Precipitación total mensual;Mensual;1/01/2013;6.2;50;;900
21201300;AUSTRALIA [21201300];4.394.250;-741.320;3050;Pluviométrica;INSTITUTO DE HIDROLOGIA METEOROLOGIA Y ESTUDIOS AMBIENTALES;Area Operativa 11 - Cundinamarca-Amazonas-San Andrés;Bogota;Bogota, D.C;15/03/1985 0:00;;PRECIPITACION;PTPM_TT_M;Precipitación total mensual;Mensual;1/02/2013;66.3;50;;900
21201300;AUSTRALIA [21201300];4.394.250;-741.320;3050;Pluviométrica;INSTITUTO DE HIDROLOGIA METEOROLOGIA Y ESTUDIOS AMBIENTALES;Area Operativa 11 - Cundinamarca-Amazonas-San Andrés;Bogota;Bogota, D.C;15/03/1985 0:00;;PRECIPITACION;PTPM_TT_M;Precipitación total mensual;Mensual;1/03/2013;62.2;50;;900
21201300;AUSTRALIA [21201300];4.394.250;-741.320;3050;Pluviométrica;INSTITUTO DE HIDROLOGIA METEOROLOGIA Y ESTUDIOS AMBIENTALES;Area Operativa 11 - Cundinamarca-Amazonas-San Andrés;Bogota;Bogota, D.C;15/03/1985 0:00;;PRECIPITACION;PTPM_TT_M;Precipitación total mensual;Mensual;1/04/2013;95.7;50;;900
21201300;AUSTRALIA [21201300];4.394.250;-741.320;3050;Pluviométrica;INSTITUTO DE HIDROLOGIA METEOROLOGIA Y ESTUDIOS AMBIENTALES;Area Operativa 11 - Cundinamarca-Amazonas-San Andrés;Bogota;Bogota, D.C;15/03/1985 0:00;;PRECIPITACION;PTPM_TT_M;Precipitación total mensual;Mensual;1/05/2013;185.2;50;;900
21201300;AUSTRALIA [21201300];4.394.250;-741.320;3050;Pluviométrica;INSTITUTO DE HIDROLOGIA METEOROLOGIA Y ESTUDIOS AMBIENTALES;Area Operativa 11 - Cundinamarca-Amazonas-San Andrés;Bogota;Bogota, D.C;15/03/1985 0:00;;PRECIPITACION;PTPM_TT_M;Precipitación total mensual;Mensual;1/06/2013;89.2;50;;900
21201300;AUSTRALIA [21201300];4.394.250;-741.320;3050;Pluviométrica;INSTITUTO DE HIDROLOGIA METEOROLOGIA Y ESTUDIOS AMBIENTALES;Area Operativa 11 - Cundinamarca-Amazonas-San Andrés;Bogota;Bogota, D.C;15/03/1985 0:00;;PRECIPITACION;PTPM_TT_M;Precipitación total mensual;Mensual;1/07/2013;181.3;50;;900
21201300;AUSTRALIA [21201300];4.394.250;-741.320;3050;Pluviométrica;INSTITUTO DE HIDROLOGIA METEOROLOGIA Y ESTUDIOS AMBIENTALES;Area Operativa 11 - Cundinamarca-Amazonas-San Andrés;Bogota;Bogota, D.C;15/03/1985 0:00;;PRECIPITACION;PTPM_TT_M;Precipitación total mensual;Mensual;1/08/2013;169.8;50;;900
21201300;AUSTRALIA [21201300];4.394.250;-741.320;3050;Pluviométrica;INSTITUTO DE HIDROLOGIA METEOROLOGIA Y ESTUDIOS AMBIENTALES;Area Operativa 11 - Cundinamarca-Amazonas-San Andrés;Bogota;Bogota, D.C;15/03/1985 0:00;;PRECIPITACION;PTPM_TT_M;Precipitación total mensual;Mensual;1/09/2013;66.8;50;;900
21201300;AUSTRALIA [21201300];4.394.250;-741.320;3050;Pluviométrica;INSTITUTO DE HIDROLOGIA METEOROLOGIA Y ESTUDIOS AMBIENTALES;Area Operativa 11 - Cundinamarca-Amazonas-San Andrés;Bogota;Bogota, D.C;15/03/1985 0:00;;PRECIPITACION;PTPM_TT_M;Precipitación total mensual;Mensual;1/10/2013;87.9;4;;900
21201300;AUSTRALIA [21201300];4.394.250;-741.320;3050;Pluviométrica;INSTITUTO DE HIDROLOGIA METEOROLOGIA Y ESTUDIOS AMBIENTALES;Area Operativa 11 - Cundinamarca-Amazonas-San Andrés;Bogota;Bogota, D.C;15/03/1985 0:00;;PRECIPITACION;PTPM_TT_M;Precipitación total mensual;Mensual;1/11/2013;82.8;50;;900
21201300;AUSTRALIA [21201300];4.394.250;-741.320;3050;Pluviométrica;INSTITUTO DE HIDROLOGIA METEOROLOGIA Y ESTUDIOS AMBIENTALES;Area Operativa 11 - Cundinamarca-Amazonas-San Andrés;Bogota;Bogota, D.C;15/03/1985 0:00;;PRECIPITACION;PTPM_TT_M;Precipitación total mensual;Mensual;1/12/2013;45.7;50;;900
21201300;AUSTRALIA [21201300];4.394.250;-741.320;3050;Pluviométrica;INSTITUTO DE HIDROLOGIA METEOROLOGIA Y ESTUDIOS AMBIENTALES;Area Operativa 11 - Cundinamarca-Amazonas-San Andrés;Bogota;Bogota, D.C;15/03/1985 0:00;;PRECIPITACION;PTPM_TT_M;Precipitación total mensual;Mensual;1/01/2014;15.6;50;;900
21201300;AUSTRALIA [21201300];4.394.250;-741.320;3050;Pluviométrica;INSTITUTO DE HIDROLOGIA METEOROLOGIA Y ESTUDIOS AMBIENTALES;Area Operativa 11 - Cundinamarca-Amazonas-San Andrés;Bogota;Bogota, D.C;15/03/1985 0:00;;PRECIPITACION;PTPM_TT_M;Precipitación total mensual;Mensual;1/02/2014;15.1;50;;900
21201300;AUSTRALIA [21201300];4.394.250;-741.320;3050;Pluviométrica;INSTITUTO DE HIDROLOGIA METEOROLOGIA Y ESTUDIOS AMBIENTALES;Area Operativa 11 - Cundinamarca-Amazonas-San Andrés;Bogota;Bogota, D.C;15/03/1985 0:00;;PRECIPITACION;PTPM_TT_M;Precipitación total mensual;Mensual;1/03/2014;23.3;50;;900
21201300;AUSTRALIA [21201300];4.394.250;-741.320;3050;Pluviométrica;INSTITUTO DE HIDROLOGIA METEOROLOGIA Y ESTUDIOS AMBIENTALES;Area Operativa 11 - Cundinamarca-Amazonas-San Andrés;Bogota;Bogota, D.C;15/03/1985 0:00;;PRECIPITACION;PTPM_TT_M;Precipitación total mensual;Mensual;1/04/2014;99.5;50;;900
21201300;AUSTRALIA [21201300];4.394.250;-741.320;3050;Pluviométrica;INSTITUTO DE HIDROLOGIA METEOROLOGIA Y ESTUDIOS AMBIENTALES;Area Operativa 11 - Cundinamarca-Amazonas-San Andrés;Bogota;Bogota, D.C;15/03/1985 0:00;;PRECIPITACION;PTPM_TT_M;Precipitación total mensual;Mensual;1/05/2014;111.5;50;;900
21201300;AUSTRALIA [21201300];4.394.250;-741.320;3050;Pluviométrica;INSTITUTO DE HIDROLOGIA METEOROLOGIA Y ESTUDIOS AMBIENTALES;Area Operativa 11 - Cundinamarca-Amazonas-San Andrés;Bogota;Bogota, D.C;15/03/1985 0:00;;PRECIPITACION;PTPM_TT_M;Precipitación total mensual;Mensual;1/06/2014;263.3;50;;900
21201300;AUSTRALIA [21201300];4.394.250;-741.320;3050;Pluviométrica;INSTITUTO DE HIDROLOGIA METEOROLOGIA Y ESTUDIOS AMBIENTALES;Area Operativa 11 - Cundinamarca-Amazonas-San Andrés;Bogota;Bogota, D.C;15/03/1985 0:00;;PRECIPITACION;PTPM_TT_M;Precipitación total mensual;Mensual;1/07/2014;166.5;50;;900
21201300;AUSTRALIA [21201300];4.394.250;-741.320;3050;Pluviométrica;INSTITUTO DE HIDROLOGIA METEOROLOGIA Y ESTUDIOS AMBIENTALES;Area Operativa 11 - Cundinamarca-Amazonas-San Andrés;Bogota;Bogota, D.C;15/03/1985 0:00;;PRECIPITACION;PTPM_TT_M;Precipitación total mensual;Mensual;1/08/2014;161.9;50;;900
21201300;AUSTRALIA [21201300];4.394.250;-741.320;3050;Pluviométrica;INSTITUTO DE HIDROLOGIA METEOROLOGIA Y ESTUDIOS AMBIENTALES;Area Operativa 11 - Cundinamarca-Amazonas-San Andrés;Bogota;Bogota, D.C;15/03/1985 0:00;;PRECIPITACION;PTPM_TT_M;Precipitación total mensual;Mensual;1/09/2014;69;50;;900
21201300;AUSTRALIA [21201300];4.394.250;-741.320;3050;Pluviométrica;INSTITUTO DE HIDROLOGIA METEOROLOGIA Y ESTUDIOS AMBIENTALES;Area Operativa 11 - Cundinamarca-Amazonas-San Andrés;Bogota;Bogota, D.C;15/03/1985 0:00;;PRECIPITACION;PTPM_TT_M;Precipitación total mensual;Mensual;1/10/2014;109.4;50;;900
21201300;AUSTRALIA [21201300];4.394.250;-741.320;3050;Pluviométrica;INSTITUTO DE HIDROLOGIA METEOROLOGIA Y ESTUDIOS AMBIENTALES;Area Operativa 11 - Cundinamarca-Amazonas-San Andrés;Bogota;Bogota, D.C;15/03/1985 0:00;;PRECIPITACION;PTPM_TT_M;Precipitación total mensual;Mensual;1/11/2014;153.6;50;;900
21201300;AUSTRALIA [21201300];4.394.250;-741.320;3050;Pluviométrica;INSTITUTO DE HIDROLOGIA METEOROLOGIA Y ESTUDIOS AMBIENTALES;Area Operativa 11 - Cundinamarca-Amazonas-San Andrés;Bogota;Bogota, D.C;15/03/1985 0:00;;PRECIPITACION;PTPM_TT_M;Precipitación total mensual;Mensual;1/12/2014;89.6;50;;900
21201300;AUSTRALIA [21201300];4.394.250;-741.320;3050;Pluviométrica;INSTITUTO DE HIDROLOGIA METEOROLOGIA Y ESTUDIOS AMBIENTALES;Area Operativa 11 - Cundinamarca-Amazonas-San Andrés;Bogota;Bogota, D.C;15/03/1985 0:00;;PRECIPITACION;PTPM_TT_M;Precipitación total mensual;Mensual;1/01/2015;25.7;50;;900
21201300;AUSTRALIA [21201300];4.394.250;-741.320;3050;Pluviométrica;INSTITUTO DE HIDROLOGIA METEOROLOGIA Y ESTUDIOS AMBIENTALES;Area Operativa 11 - Cundinamarca-Amazonas-San Andrés;Bogota;Bogota, D.C;15/03/1985 0:00;;PRECIPITACION;PTPM_TT_M;Precipitación total mensual;Mensual;1/02/2015;31.3;50;;900
21201300;AUSTRALIA [21201300];4.394.250;-741.320;3050;Pluviométrica;INSTITUTO DE HIDROLOGIA METEOROLOGIA Y ESTUDIOS AMBIENTALES;Area Operativa 11 - Cundinamarca-Amazonas-San Andrés;Bogota;Bogota, D.C;15/03/1985 0:00;;PRECIPITACION;PTPM_TT_M;Precipitación total mensual;Mensual;1/03/2015;36.5;50;;900
21201300;AUSTRALIA [21201300];4.394.250;-741.320;3050;Pluviométrica;INSTITUTO DE HIDROLOGIA METEOROLOGIA Y ESTUDIOS AMBIENTALES;Area Operativa 11 - Cundinamarca-Amazonas-San Andrés;Bogota;Bogota, D.C;15/03/1985 0:00;;PRECIPITACION;PTPM_TT_M;Precipitación total mensual;Mensual;1/04/2015;88.4;50;;900
21201300;AUSTRALIA [21201300];4.394.250;-741.320;3050;Pluviométrica;INSTITUTO DE HIDROLOGIA METEOROLOGIA Y ESTUDIOS AMBIENTALES;Area Operativa 11 - Cundinamarca-Amazonas-San Andrés;Bogota;Bogota, D.C;15/03/1985 0:00;;PRECIPITACION;PTPM_TT_M;Precipitación total mensual;Mensual;1/05/2015;98.1;50;;900
21201300;AUSTRALIA [21201300];4.394.250;-741.320;3050;Pluviométrica;INSTITUTO DE HIDROLOGIA METEOROLOGIA Y ESTUDIOS AMBIENTALES;Area Operativa 11 - Cundinamarca-Amazonas-San Andrés;Bogota;Bogota, D.C;15/03/1985 0:00;;PRECIPITACION;PTPM_TT_M;Precipitación total mensual;Mensual;1/06/2015;162.5;50;;900
21201300;AUSTRALIA [21201300];4.394.250;-741.320;3050;Pluviométrica;INSTITUTO DE HIDROLOGIA METEOROLOGIA Y ESTUDIOS AMBIENTALES;Area Operativa 11 - Cundinamarca-Amazonas-San Andrés;Bogota;Bogota, D.C;15/03/1985 0:00;;PRECIPITACION;PTPM_TT_M;Precipitación total mensual;Mensual;1/07/2015;150.7;50;;900
21201300;AUSTRALIA [21201300];4.394.250;-741.320;3050;Pluviométrica;INSTITUTO DE HIDROLOGIA METEOROLOGIA Y ESTUDIOS AMBIENTALES;Area Operativa 11 - Cundinamarca-Amazonas-San Andrés;Bogota;Bogota, D.C;15/03/1985 0:00;;PRECIPITACION;PTPM_TT_M;Precipitación total mensual;Mensual;1/08/2015;94.7;50;;900
21201300;AUSTRALIA [21201300];4.394.250;-741.320;3050;Pluviométrica;INSTITUTO DE HIDROLOGIA METEOROLOGIA Y ESTUDIOS AMBIENTALES;Area Operativa 11 - Cundinamarca-Amazonas-San Andrés;Bogota;Bogota, D.C;15/03/1985 0:00;;PRECIPITACION;PTPM_TT_M;Precipitación total mensual;Mensual;1/09/2015;71.8;50;;900
21201300;AUSTRALIA [21201300];4.394.250;-741.320;3050;Pluviométrica;INSTITUTO DE HIDROLOGIA METEOROLOGIA Y ESTUDIOS AMBIENTALES;Area Operativa 11 - Cundinamarca-Amazonas-San Andrés;Bogota;Bogota, D.C;15/03/1985 0:00;;PRECIPITACION;PTPM_TT_M;Precipitación total mensual;Mensual;1/10/2015;54.6;50;;900
21201300;AUSTRALIA [21201300];4.394.250;-741.320;3050;Pluviométrica;INSTITUTO DE HIDROLOGIA METEOROLOGIA Y ESTUDIOS AMBIENTALES;Area Operativa 11 - Cundinamarca-Amazonas-San Andrés;Bogota;Bogota, D.C;15/03/1985 0:00;;PRECIPITACION;PTPM_TT_M;Precipitación total mensual;Mensual;1/11/2015;69.6;50;;900
21201300;AUSTRALIA [21201300];4.394.250;-741.320;3050;Pluviométrica;INSTITUTO DE HIDROLOGIA METEOROLOGIA Y ESTUDIOS AMBIENTALES;Area Operativa 11 - Cundinamarca-Amazonas-San Andrés;Bogota;Bogota, D.C;15/03/1985 0:00;;PRECIPITACION;PTPM_TT_M;Precipitación total mensual;Mensual;1/12/2015;6;50;;900
21201300;AUSTRALIA [21201300];4.394.250;-741.320;3050;Pluviométrica;INSTITUTO DE HIDROLOGIA METEOROLOGIA Y ESTUDIOS AMBIENTALES;Area Operativa 11 - Cundinamarca-Amazonas-San Andrés;Bogota;Bogota, D.C;15/03/1985 0:00;;PRECIPITACION;PTPM_TT_M;Precipitación total mensual;Mensual;1/01/2016;0.01;50;;900
21201300;AUSTRALIA [21201300];4.394.250;-741.320;3050;Pluviométrica;INSTITUTO DE HIDROLOGIA METEOROLOGIA Y ESTUDIOS AMBIENTALES;Area Operativa 11 - Cundinamarca-Amazonas-San Andrés;Bogota;Bogota, D.C;15/03/1985 0:00;;PRECIPITACION;PTPM_TT_M;Precipitación total mensual;Mensual;1/02/2016;39.9;50;;900
21201300;AUSTRALIA [21201300];4.394.250;-741.320;3050;Pluviométrica;INSTITUTO DE HIDROLOGIA METEOROLOGIA Y ESTUDIOS AMBIENTALES;Area Operativa 11 - Cundinamarca-Amazonas-San Andrés;Bogota;Bogota, D.C;15/03/1985 0:00;;PRECIPITACION;PTPM_TT_M;Precipitación total mensual;Mensual;1/03/2016;32.2;50;;900
21201300;AUSTRALIA [21201300];4.394.250;-741.320;3050;Pluviométrica;INSTITUTO DE HIDROLOGIA METEOROLOGIA Y ESTUDIOS AMBIENTALES;Area Operativa 11 - Cundinamarca-Amazonas-San Andrés;Bogota;Bogota, D.C;15/03/1985 0:00;;PRECIPITACION;PTPM_TT_M;Precipitación total mensual;Mensual;1/04/2016;102.2;50;;900
21201300;AUSTRALIA [21201300];4.394.250;-741.320;3050;Pluviométrica;INSTITUTO DE HIDROLOGIA METEOROLOGIA Y ESTUDIOS AMBIENTALES;Area Operativa 11 - Cundinamarca-Amazonas-San Andrés;Bogota;Bogota, D.C;15/03/1985 0:00;;PRECIPITACION;PTPM_TT_M;Precipitación total mensual;Mensual;1/05/2016;157.9;50;;900
21201300;AUSTRALIA [21201300];4.394.250;-741.320;3050;Pluviométrica;INSTITUTO DE HIDROLOGIA METEOROLOGIA Y ESTUDIOS AMBIENTALES;Area Operativa 11 - Cundinamarca-Amazonas-San Andrés;Bogota;Bogota, D.C;15/03/1985 0:00;;PRECIPITACION;PTPM_TT_M;Precipitación total mensual;Mensual;1/06/2016;148.6;50;;900
21201300;AUSTRALIA [21201300];4.394.250;-741.320;3050;Pluviométrica;INSTITUTO DE HIDROLOGIA METEOROLOGIA Y ESTUDIOS AMBIENTALES;Area Operativa 11 - Cundinamarca-Amazonas-San Andrés;Bogota;Bogota, D.C;15/03/1985 0:00;;PRECIPITACION;PTPM_TT_M;Precipitación total mensual;Mensual;1/07/2016;148.7;50;;900
21201300;AUSTRALIA [21201300];4.394.250;-741.320;3050;Pluviométrica;INSTITUTO DE HIDROLOGIA METEOROLOGIA Y ESTUDIOS AMBIENTALES;Area Operativa 11 - Cundinamarca-Amazonas-San Andrés;Bogota;Bogota, D.C;15/03/1985 0:00;;PRECIPITACION;PTPM_TT_M;Precipitación total mensual;Mensual;1/08/2016;180.7;50;;900
21201300;AUSTRALIA [21201300];4.394.250;-741.320;3050;Pluviométrica;INSTITUTO DE HIDROLOGIA METEOROLOGIA Y ESTUDIOS AMBIENTALES;Area Operativa 11 - Cundinamarca-Amazonas-San Andrés;Bogota;Bogota, D.C;15/03/1985 0:00;;PRECIPITACION;PTPM_TT_M;Precipitación total mensual;Mensual;1/09/2016;93.7;50;ESTIMADO;900
21201300;AUSTRALIA [21201300];4.394.250;-741.320;3050;Pluviométrica;INSTITUTO DE HIDROLOGIA METEOROLOGIA Y ESTUDIOS AMBIENTALES;Area Operativa 11 - Cundinamarca-Amazonas-San Andrés;Bogota;Bogota, D.C;15/03/1985 0:00;;PRECIPITACION;PTPM_TT_M;Precipitación total mensual;Mensual;1/10/2016;69.2;50;ESTIMADO;900
21201300;AUSTRALIA [21201300];4.394.250;-741.320;3050;Pluviométrica;INSTITUTO DE HIDROLOGIA METEOROLOGIA Y ESTUDIOS AMBIENTALES;Area Operativa 11 - Cundinamarca-Amazonas-San Andrés;Bogota;Bogota, D.C;15/03/1985 0:00;;PRECIPITACION;PTPM_TT_M;Precipitación total mensual;Mensual;1/11/2016;92.8;50;;900
21201300;AUSTRALIA [21201300];4.394.250;-741.320;3050;Pluviométrica;INSTITUTO DE HIDROLOGIA METEOROLOGIA Y ESTUDIOS AMBIENTALES;Area Operativa 11 - Cundinamarca-Amazonas-San Andrés;Bogota;Bogota, D.C;15/03/1985 0:00;;PRECIPITACION;PTPM_TT_M;Precipitación total mensual;Mensual;1/12/2016;26.5;50;;900
21201300;AUSTRALIA [21201300];4.394.250;-741.320;3050;Pluviométrica;INSTITUTO DE HIDROLOGIA METEOROLOGIA Y ESTUDIOS AMBIENTALES;Area Operativa 11 - Cundinamarca-Amazonas-San Andrés;Bogota;Bogota, D.C;15/03/1985 0:00;;PRECIPITACION;PTPM_TT_M;Precipitación total mensual;Mensual;1/01/2017;54.5;50;ESTIMADO;900
21201300;AUSTRALIA [21201300];4.394.250;-741.320;3050;Pluviométrica;INSTITUTO DE HIDROLOGIA METEOROLOGIA Y ESTUDIOS AMBIENTALES;Area Operativa 11 - Cundinamarca-Amazonas-San Andrés;Bogota;Bogota, D.C;15/03/1985 0:00;;PRECIPITACION;PTPM_TT_M;Precipitación total mensual;Mensual;1/02/2017;24.1;50;;900
21201300;AUSTRALIA [21201300];4.394.250;-741.320;3050;Pluviométrica;INSTITUTO DE HIDROLOGIA METEOROLOGIA Y ESTUDIOS AMBIENTALES;Area Operativa 11 - Cundinamarca-Amazonas-San Andrés;Bogota;Bogota, D.C;15/03/1985 0:00;;PRECIPITACION;PTPM_TT_M;Precipitación total mensual;Mensual;1/03/2017;139.6;50;;900
21201300;AUSTRALIA [21201300];4.394.250;-741.320;3050;Pluviométrica;INSTITUTO DE HIDROLOGIA METEOROLOGIA Y ESTUDIOS AMBIENTALES;Area Operativa 11 - Cundinamarca-Amazonas-San Andrés;Bogota;Bogota, D.C;15/03/1985 0:00;;PRECIPITACION;PTPM_TT_M;Precipitación total mensual;Mensual;1/04/2017;95.6;50;;900
21201300;AUSTRALIA [21201300];4.394.250;-741.320;3050;Pluviométrica;INSTITUTO DE HIDROLOGIA METEOROLOGIA Y ESTUDIOS AMBIENTALES;Area Operativa 11 - Cundinamarca-Amazonas-San Andrés;Bogota;Bogota, D.C;15/03/1985 0:00;;PRECIPITACION;PTPM_TT_M;Precipitación total mensual;Mensual;1/05/2017;201.6;50;;900
21201300;AUSTRALIA [21201300];4.394.250;-741.320;3050;Pluviométrica;INSTITUTO DE HIDROLOGIA METEOROLOGIA Y ESTUDIOS AMBIENTALES;Area Operativa 11 - Cundinamarca-Amazonas-San Andrés;Bogota;Bogota, D.C;15/03/1985 0:00;;PRECIPITACION;PTPM_TT_M;Precipitación total mensual;Mensual;1/06/2017;173.4;50;;900
21201300;AUSTRALIA [21201300];4.394.250;-741.320;3050;Pluviométrica;INSTITUTO DE HIDROLOGIA METEOROLOGIA Y ESTUDIOS AMBIENTALES;Area Operativa 11 - Cundinamarca-Amazonas-San Andrés;Bogota;Bogota, D.C;15/03/1985 0:00;;PRECIPITACION;PTPM_TT_M;Precipitación total mensual;Mensual;1/07/2017;136.1;50;;900
21201300;AUSTRALIA [21201300];4.394.250;-741.320;3050;Pluviométrica;INSTITUTO DE HIDROLOGIA METEOROLOGIA Y ESTUDIOS AMBIENTALES;Area Operativa 11 - Cundinamarca-Amazonas-San Andrés;Bogota;Bogota, D.C;15/03/1985 0:00;;PRECIPITACION;PTPM_TT_M;Precipitación total mensual;Mensual;1/08/2017;81.2;50;;900
21201300;AUSTRALIA [21201300];4.394.250;-741.320;3050;Pluviométrica;INSTITUTO DE HIDROLOGIA METEOROLOGIA Y ESTUDIOS AMBIENTALES;Area Operativa 11 - Cundinamarca-Amazonas-San Andrés;Bogota;Bogota, D.C;15/03/1985 0:00;;PRECIPITACION;PTPM_TT_M;Precipitación total mensual;Mensual;1/09/2017;58.6;50;;900
21201300;AUSTRALIA [21201300];4.394.250;-741.320;3050;Pluviométrica;INSTITUTO DE HIDROLOGIA METEOROLOGIA Y ESTUDIOS AMBIENTALES;Area Operativa 11 - Cundinamarca-Amazonas-San Andrés;Bogota;Bogota, D.C;15/03/1985 0:00;;PRECIPITACION;PTPM_TT_M;Precipitación total mensual;Mensual;1/10/2017;76;50;;900
21201300;AUSTRALIA [21201300];4.394.250;-741.320;3050;Pluviométrica;INSTITUTO DE HIDROLOGIA METEOROLOGIA Y ESTUDIOS AMBIENTALES;Area Operativa 11 - Cundinamarca-Amazonas-San Andrés;Bogota;Bogota, D.C;15/03/1985 0:00;;PRECIPITACION;PTPM_TT_M;Precipitación total mensual;Mensual;1/11/2017;94.8;50;;900
21201300;AUSTRALIA [21201300];4.394.250;-741.320;3050;Pluviométrica;INSTITUTO DE HIDROLOGIA METEOROLOGIA Y ESTUDIOS AMBIENTALES;Area Operativa 11 - Cundinamarca-Amazonas-San Andrés;Bogota;Bogota, D.C;15/03/1985 0:00;;PRECIPITACION;PTPM_TT_M;Precipitación total mensual;Mensual;1/12/2017;54.6;50;;900
21201300;AUSTRALIA [21201300];4.394.250;-741.320;3050;Pluviométrica;INSTITUTO DE HIDROLOGIA METEOROLOGIA Y ESTUDIOS AMBIENTALES;Area Operativa 11 - Cundinamarca-Amazonas-San Andrés;Bogota;Bogota, D.C;15/03/1985 0:00;;PRECIPITACION;PTPM_TT_M;Precipitación total mensual;Mensual;1/01/2018;90.5;50;;900
21201300;AUSTRALIA [21201300];4.394.250;-741.320;3050;Pluviométrica;INSTITUTO DE HIDROLOGIA METEOROLOGIA Y ESTUDIOS AMBIENTALES;Area Operativa 11 - Cundinamarca-Amazonas-San Andrés;Bogota;Bogota, D.C;15/03/1985 0:00;;PRECIPITACION;PTPM_TT_M;Precipitación total mensual;Mensual;1/02/2018;26.7;50;;900
21201300;AUSTRALIA [21201300];4.394.250;-741.320;3050;Pluviométrica;INSTITUTO DE HIDROLOGIA METEOROLOGIA Y ESTUDIOS AMBIENTALES;Area Operativa 11 - Cundinamarca-Amazonas-San Andrés;Bogota;Bogota, D.C;15/03/1985 0:00;;PRECIPITACION;PTPM_TT_M;Precipitación total mensual;Mensual;1/03/2018;62.6;50;;900
21201300;AUSTRALIA [21201300];4.394.250;-741.320;3050;Pluviométrica;INSTITUTO DE HIDROLOGIA METEOROLOGIA Y ESTUDIOS AMBIENTALES;Area Operativa 11 - Cundinamarca-Amazonas-San Andrés;Bogota;Bogota, D.C;15/03/1985 0:00;;PRECIPITACION;PTPM_TT_M;Precipitación total mensual;Mensual;1/04/2018;171.8;50;;900
21201300;AUSTRALIA [21201300];4.394.250;-741.320;3050;Pluviométrica;INSTITUTO DE HIDROLOGIA METEOROLOGIA Y ESTUDIOS AMBIENTALES;Area Operativa 11 - Cundinamarca-Amazonas-San Andrés;Bogota;Bogota, D.C;15/03/1985 0:00;;PRECIPITACION;PTPM_TT_M;Precipitación total mensual;Mensual;1/05/2018;219.6;50;;900
21201300;AUSTRALIA [21201300];4.394.250;-741.320;3050;Pluviométrica;INSTITUTO DE HIDROLOGIA METEOROLOGIA Y ESTUDIOS AMBIENTALES;Area Operativa 11 - Cundinamarca-Amazonas-San Andrés;Bogota;Bogota, D.C;15/03/1985 0:00;;PRECIPITACION;PTPM_TT_M;Precipitación total mensual;Mensual;1/06/2018;171.3;50;;900
21201300;AUSTRALIA [21201300];4.394.250;-741.320;3050;Pluviométrica;INSTITUTO DE HIDROLOGIA METEOROLOGIA Y ESTUDIOS AMBIENTALES;Area Operativa 11 - Cundinamarca-Amazonas-San Andrés;Bogota;Bogota, D.C;15/03/1985 0:00;;PRECIPITACION;PTPM_TT_M;Precipitación total mensual;Mensual;1/07/2018;224.4;50;;900
21201300;AUSTRALIA [21201300];4.394.250;-741.320;3050;Pluviométrica;INSTITUTO DE HIDROLOGIA METEOROLOGIA Y ESTUDIOS AMBIENTALES;Area Operativa 11 - Cundinamarca-Amazonas-San Andrés;Bogota;Bogota, D.C;15/03/1985 0:00;;PRECIPITACION;PTPM_TT_M;Precipitación total mensual;Mensual;1/08/2018;192;50;;900
21201300;AUSTRALIA [21201300];4.394.250;-741.320;3050;Pluviométrica;INSTITUTO DE HIDROLOGIA METEOROLOGIA Y ESTUDIOS AMBIENTALES;Area Operativa 11 - Cundinamarca-Amazonas-San Andrés;Bogota;Bogota, D.C;15/03/1985 0:00;;PRECIPITACION;PTPM_TT_M;Precipitación total mensual;Mensual;1/09/2018;85.6;50;;900
21201300;AUSTRALIA [21201300];4.394.250;-741.320;3050;Pluviométrica;INSTITUTO DE HIDROLOGIA METEOROLOGIA Y ESTUDIOS AMBIENTALES;Area Operativa 11 - Cundinamarca-Amazonas-San Andrés;Bogota;Bogota, D.C;15/03/1985 0:00;;PRECIPITACION;PTPM_TT_M;Precipitación total mensual;Mensual;1/10/2018;31.8;50;;900
21201300;AUSTRALIA [21201300];4.394.250;-741.320;3050;Pluviométrica;INSTITUTO DE HIDROLOGIA METEOROLOGIA Y ESTUDIOS AMBIENTALES;Area Operativa 11 - Cundinamarca-Amazonas-San Andrés;Bogota;Bogota, D.C;15/03/1985 0:00;;PRECIPITACION;PTPM_TT_M;Precipitación total mensual;Mensual;1/11/2018;37.5;50;;900
21201300;AUSTRALIA [21201300];4.394.250;-741.320;3050;Pluviométrica;INSTITUTO DE HIDROLOGIA METEOROLOGIA Y ESTUDIOS AMBIENTALES;Area Operativa 11 - Cundinamarca-Amazonas-San Andrés;Bogota;Bogota, D.C;15/03/1985 0:00;;PRECIPITACION;PTPM_TT_M;Precipitación total mensual;Mensual;1/12/2018;2;50;;900
21201300;AUSTRALIA [21201300];4.394.250;-741.320;3050;Pluviométrica;INSTITUTO DE HIDROLOGIA METEOROLOGIA Y ESTUDIOS AMBIENTALES;Area Operativa 11 - Cundinamarca-Amazonas-San Andrés;Bogota;Bogota, D.C;15/03/1985 0:00;;PRECIPITACION;PTPM_TT_M;Precipitación total mensual;Mensual;1/01/2019;29.6;50;;900
21201300;AUSTRALIA [21201300];4.394.250;-741.320;3050;Pluviométrica;INSTITUTO DE HIDROLOGIA METEOROLOGIA Y ESTUDIOS AMBIENTALES;Area Operativa 11 - Cundinamarca-Amazonas-San Andrés;Bogota;Bogota, D.C;15/03/1985 0:00;;PRECIPITACION;PTPM_TT_M;Precipitación total mensual;Mensual;1/02/2019;6.4;50;;900
21201300;AUSTRALIA [21201300];4.394.250;-741.320;3050;Pluviométrica;INSTITUTO DE HIDROLOGIA METEOROLOGIA Y ESTUDIOS AMBIENTALES;Area Operativa 11 - Cundinamarca-Amazonas-San Andrés;Bogota;Bogota, D.C;15/03/1985 0:00;;PRECIPITACION;PTPM_TT_M;Precipitación total mensual;Mensual;1/03/2019;46.4;50;;900
21201300;AUSTRALIA [21201300];4.394.250;-741.320;3050;Pluviométrica;INSTITUTO DE HIDROLOGIA METEOROLOGIA Y ESTUDIOS AMBIENTALES;Area Operativa 11 - Cundinamarca-Amazonas-San Andrés;Bogota;Bogota, D.C;15/03/1985 0:00;;PRECIPITACION;PTPM_TT_M;Precipitación total mensual;Mensual;1/04/2019;128.4;50;;900
21201300;AUSTRALIA [21201300];4.394.250;-741.320;3050;Pluviométrica;INSTITUTO DE HIDROLOGIA METEOROLOGIA Y ESTUDIOS AMBIENTALES;Area Operativa 11 - Cundinamarca-Amazonas-San Andrés;Bogota;Bogota, D.C;15/03/1985 0:00;;PRECIPITACION;PTPM_TT_M;Precipitación total mensual;Mensual;1/05/2019;166.9;50;;900
21201300;AUSTRALIA [21201300];4.394.250;-741.320;3050;Pluviométrica;INSTITUTO DE HIDROLOGIA METEOROLOGIA Y ESTUDIOS AMBIENTALES;Area Operativa 11 - Cundinamarca-Amazonas-San Andrés;Bogota;Bogota, D.C;15/03/1985 0:00;;PRECIPITACION;PTPM_TT_M;Precipitación total mensual;Mensual;1/06/2019;251.4;50;;900
21201300;AUSTRALIA [21201300];4.394.250;-741.320;3050;Pluviométrica;INSTITUTO DE HIDROLOGIA METEOROLOGIA Y ESTUDIOS AMBIENTALES;Area Operativa 11 - Cundinamarca-Amazonas-San Andrés;Bogota;Bogota, D.C;15/03/1985 0:00;;PRECIPITACION;PTPM_TT_M;Precipitación total mensual;Mensual;1/07/2019;212.4;50;;900
21201300;AUSTRALIA [21201300];4.394.250;-741.320;3050;Pluviométrica;INSTITUTO DE HIDROLOGIA METEOROLOGIA Y ESTUDIOS AMBIENTALES;Area Operativa 11 - Cundinamarca-Amazonas-San Andrés;Bogota;Bogota, D.C;15/03/1985 0:00;;PRECIPITACION;PTPM_TT_M;Precipitación total mensual;Mensual;1/08/2019;145.5;50;;900
21201300;AUSTRALIA [21201300];4.394.250;-741.320;3050;Pluviométrica;INSTITUTO DE HIDROLOGIA METEOROLOGIA Y ESTUDIOS AMBIENTALES;Area Operativa 11 - Cundinamarca-Amazonas-San Andrés;Bogota;Bogota, D.C;15/03/1985 0:00;;PRECIPITACION;PTPM_TT_M;Precipitación total mensual;Mensual;1/09/2019;96.4;50;;900
21201300;AUSTRALIA [21201300];4.394.250;-741.320;3050;Pluviométrica;INSTITUTO DE HIDROLOGIA METEOROLOGIA Y ESTUDIOS AMBIENTALES;Area Operativa 11 - Cundinamarca-Amazonas-San Andrés;Bogota;Bogota, D.C;15/03/1985 0:00;;PRECIPITACION;PTPM_TT_M;Precipitación total mensual;Mensual;1/10/2019;141.7;50;;900
21201300;AUSTRALIA [21201300];4.394.250;-741.320;3050;Pluviométrica;INSTITUTO DE HIDROLOGIA METEOROLOGIA Y ESTUDIOS AMBIENTALES;Area Operativa 11 - Cundinamarca-Amazonas-San Andrés;Bogota;Bogota, D.C;15/03/1985 0:00;;PRECIPITACION;PTPM_TT_M;Precipitación total mensual;Mensual;1/11/2019;57.9;50;;900
21201300;AUSTRALIA [21201300];4.394.250;-741.320;3050;Pluviométrica;INSTITUTO DE HIDROLOGIA METEOROLOGIA Y ESTUDIOS AMBIENTALES;Area Operativa 11 - Cundinamarca-Amazonas-San Andrés;Bogota;Bogota, D.C;15/03/1985 0:00;;PRECIPITACION;PTPM_TT_M;Precipitación total mensual;Mensual;1/12/2019;25.8;50;;900
21201300;AUSTRALIA [21201300];4.394.250;-741.320;3050;Pluviométrica;INSTITUTO DE HIDROLOGIA METEOROLOGIA Y ESTUDIOS AMBIENTALES;Area Operativa 11 - Cundinamarca-Amazonas-San Andrés;Bogota;Bogota, D.C;15/03/1985 0:00;;PRECIPITACION;PTPM_TT_M;Precipitación total mensual;Mensual;1/01/2020;34.6;50;;900
21201300;AUSTRALIA [21201300];4.394.250;-741.320;3050;Pluviométrica;INSTITUTO DE HIDROLOGIA METEOROLOGIA Y ESTUDIOS AMBIENTALES;Area Operativa 11 - Cundinamarca-Amazonas-San Andrés;Bogota;Bogota, D.C;15/03/1985 0:00;;PRECIPITACION;PTPM_TT_M;Precipitación total mensual;Mensual;1/02/2020;40.4;50;;900
21201300;AUSTRALIA [21201300];4.394.250;-741.320;3050;Pluviométrica;INSTITUTO DE HIDROLOGIA METEOROLOGIA Y ESTUDIOS AMBIENTALES;Area Operativa 11 - Cundinamarca-Amazonas-San Andrés;Bogota;Bogota, D.C;15/03/1985 0:00;;PRECIPITACION;PTPM_TT_M;Precipitación total mensual;Mensual;1/03/2020;72;50;;900
21201300;AUSTRALIA [21201300];4.394.250;-741.320;3050;Pluviométrica;INSTITUTO DE HIDROLOGIA METEOROLOGIA Y ESTUDIOS AMBIENTALES;Area Operativa 11 - Cundinamarca-Amazonas-San Andrés;Bogota;Bogota, D.C;15/03/1985 0:00;;PRECIPITACION;PTPM_TT_M;Precipitación total mensual;Mensual;1/04/2020;59.9;50;;900
21201300;AUSTRALIA [21201300];4.394.250;-741.320;3050;Pluviométrica;INSTITUTO DE HIDROLOGIA METEOROLOGIA Y ESTUDIOS AMBIENTALES;Area Operativa 11 - Cundinamarca-Amazonas-San Andrés;Bogota;Bogota, D.C;15/03/1985 0:00;;PRECIPITACION;PTPM_TT_M;Precipitación total mensual;Mensual;1/05/2020;128.8;50;;900
21201300;AUSTRALIA [21201300];4.394.250;-741.320;3050;Pluviométrica;INSTITUTO DE HIDROLOGIA METEOROLOGIA Y ESTUDIOS AMBIENTALES;Area Operativa 11 - Cundinamarca-Amazonas-San Andrés;Bogota;Bogota, D.C;15/03/1985 0:00;;PRECIPITACION;PTPM_TT_M;Precipitación total mensual;Mensual;1/06/2020;162.6;50;;900
21201300;AUSTRALIA [21201300];4.394.250;-741.320;3050;Pluviométrica;INSTITUTO DE HIDROLOGIA METEOROLOGIA Y ESTUDIOS AMBIENTALES;Area Operativa 11 - Cundinamarca-Amazonas-San Andrés;Bogota;Bogota, D.C;15/03/1985 0:00;;PRECIPITACION;PTPM_TT_M;Precipitación total mensual;Mensual;1/07/2020;194.5;50;;900
21201300;AUSTRALIA [21201300];4.394.250;-741.320;3050;Pluviométrica;INSTITUTO DE HIDROLOGIA METEOROLOGIA Y ESTUDIOS AMBIENTALES;Area Operativa 11 - Cundinamarca-Amazonas-San Andrés;Bogota;Bogota, D.C;15/03/1985 0:00;;PRECIPITACION;PTPM_TT_M;Precipitación total mensual;Mensual;1/08/2020;73.8;50;;900
21201300;AUSTRALIA [21201300];4.394.250;-741.320;3050;Pluviométrica;INSTITUTO DE HIDROLOGIA METEOROLOGIA Y ESTUDIOS AMBIENTALES;Area Operativa 11 - Cundinamarca-Amazonas-San Andrés;Bogota;Bogota, D.C;15/03/1985 0:00;;PRECIPITACION;PTPM_TT_M;Precipitación total mensual;Mensual;1/09/2020;179.1;50;;900
21201300;AUSTRALIA [21201300];4.394.250;-741.320;3050;Pluviométrica;INSTITUTO DE HIDROLOGIA METEOROLOGIA Y ESTUDIOS AMBIENTALES;Area Operativa 11 - Cundinamarca-Amazonas-San Andrés;Bogota;Bogota, D.C;15/03/1985 0:00;;PRECIPITACION;PTPM_TT_M;Precipitación total mensual;Mensual;1/10/2020;24.7;50;;900
21201300;AUSTRALIA [21201300];4.394.250;-741.320;3050;Pluviométrica;INSTITUTO DE HIDROLOGIA METEOROLOGIA Y ESTUDIOS AMBIENTALES;Area Operativa 11 - Cundinamarca-Amazonas-San Andrés;Bogota;Bogota, D.C;15/03/1985 0:00;;PRECIPITACION;PTPM_TT_M;Precipitación total mensual;Mensual;1/11/2020;194.2;50;;900
21201300;AUSTRALIA [21201300];4.394.250;-741.320;3050;Pluviométrica;INSTITUTO DE HIDROLOGIA METEOROLOGIA Y ESTUDIOS AMBIENTALES;Area Operativa 11 - Cundinamarca-Amazonas-San Andrés;Bogota;Bogota, D.C;15/03/1985 0:00;;PRECIPITACION;PTPM_TT_M;Precipitación total mensual;Mensual;1/12/2020;26.1;50;;900
21201300;AUSTRALIA [21201300];4.394.250;-741.320;3050;Pluviométrica;INSTITUTO DE HIDROLOGIA METEOROLOGIA Y ESTUDIOS AMBIENTALES;Area Operativa 11 - Cundinamarca-Amazonas-San Andrés;Bogota;Bogota, D.C;15/03/1985 0:00;;PRECIPITACION;PTPM_TT_M;Precipitación total mensual;Mensual;1/01/2021;8.7;50;;900
21201300;AUSTRALIA [21201300];4.394.250;-741.320;3050;Pluviométrica;INSTITUTO DE HIDROLOGIA METEOROLOGIA Y ESTUDIOS AMBIENTALES;Area Operativa 11 - Cundinamarca-Amazonas-San Andrés;Bogota;Bogota, D.C;15/03/1985 0:00;;PRECIPITACION;PTPM_TT_M;Precipitación total mensual;Mensual;1/02/2021;33.4;50;;900
21201300;AUSTRALIA [21201300];4.394.250;-741.320;3050;Pluviométrica;INSTITUTO DE HIDROLOGIA METEOROLOGIA Y ESTUDIOS AMBIENTALES;Area Operativa 11 - Cundinamarca-Amazonas-San Andrés;Bogota;Bogota, D.C;15/03/1985 0:00;;PRECIPITACION;PTPM_TT_M;Precipitación total mensual;Mensual;1/03/2021;134.5;50;;900
21201300;AUSTRALIA [21201300];4.394.250;-741.320;3050;Pluviométrica;INSTITUTO DE HIDROLOGIA METEOROLOGIA Y ESTUDIOS AMBIENTALES;Area Operativa 11 - Cundinamarca-Amazonas-San Andrés;Bogota;Bogota, D.C;15/03/1985 0:00;;PRECIPITACION;PTPM_TT_M;Precipitación total mensual;Mensual;1/04/2021;169.7;50;;900
21201300;AUSTRALIA [21201300];4.394.250;-741.320;3050;Pluviométrica;INSTITUTO DE HIDROLOGIA METEOROLOGIA Y ESTUDIOS AMBIENTALES;Area Operativa 11 - Cundinamarca-Amazonas-San Andrés;Bogota;Bogota, D.C;15/03/1985 0:00;;PRECIPITACION;PTPM_TT_M;Precipitación total mensual;Mensual;1/05/2021;233.5;50;;900
21201300;AUSTRALIA [21201300];4.394.250;-741.320;3050;Pluviométrica;INSTITUTO DE HIDROLOGIA METEOROLOGIA Y ESTUDIOS AMBIENTALES;Area Operativa 11 - Cundinamarca-Amazonas-San Andrés;Bogota;Bogota, D.C;15/03/1985 0:00;;PRECIPITACION;PTPM_TT_M;Precipitación total mensual;Mensual;1/06/2021;187.6;50;;900
21201300;AUSTRALIA [21201300];4.394.250;-741.320;3050;Pluviométrica;INSTITUTO DE HIDROLOGIA METEOROLOGIA Y ESTUDIOS AMBIENTALES;Area Operativa 11 - Cundinamarca-Amazonas-San Andrés;Bogota;Bogota, D.C;15/03/1985 0:00;;PRECIPITACION;PTPM_TT_M;Precipitación total mensual;Mensual;1/07/2021;169.8;50;;900
21201300;AUSTRALIA [21201300];4.394.250;-741.320;3050;Pluviométrica;INSTITUTO DE HIDROLOGIA METEOROLOGIA Y ESTUDIOS AMBIENTALES;Area Operativa 11 - Cundinamarca-Amazonas-San Andrés;Bogota;Bogota, D.C;15/03/1985 0:00;;PRECIPITACION;PTPM_TT_M;Precipitación total mensual;Mensual;1/08/2021;258;50;;900
21201300;AUSTRALIA [21201300];4.394.250;-741.320;3050;Pluviométrica;INSTITUTO DE HIDROLOGIA METEOROLOGIA Y ESTUDIOS AMBIENTALES;Area Operativa 11 - Cundinamarca-Amazonas-San Andrés;Bogota;Bogota, D.C;15/03/1985 0:00;;PRECIPITACION;PTPM_TT_M;Precipitación total mensual;Mensual;1/09/2021;73.3;50;;900
21201300;AUSTRALIA [21201300];4.394.250;-741.320;3050;Pluviométrica;INSTITUTO DE HIDROLOGIA METEOROLOGIA Y ESTUDIOS AMBIENTALES;Area Operativa 11 - Cundinamarca-Amazonas-San Andrés;Bogota;Bogota, D.C;15/03/1985 0:00;;PRECIPITACION;PTPM_TT_M;Precipitación total mensual;Mensual;1/10/2021;181.5;50;;900
21201300;AUSTRALIA [21201300];4.394.250;-741.320;3050;Pluviométrica;INSTITUTO DE HIDROLOGIA METEOROLOGIA Y ESTUDIOS AMBIENTALES;Area Operativa 11 - Cundinamarca-Amazonas-San Andrés;Bogota;Bogota, D.C;15/03/1985 0:00;;PRECIPITACION;PTPM_TT_M;Precipitación total mensual;Mensual;1/11/2021;98.8;50;;900
21201300;AUSTRALIA [21201300];4.394.250;-741.320;3050;Pluviométrica;INSTITUTO DE HIDROLOGIA METEOROLOGIA Y ESTUDIOS AMBIENTALES;Area Operativa 11 - Cundinamarca-Amazonas-San Andrés;Bogota;Bogota, D.C;15/03/1985 0:00;;PRECIPITACION;PTPM_TT_M;Precipitación total mensual;Mensual;1/12/2021;9.4;50;;900
;;;;;;;;;;;;;;;;;;;;
